"","Participant","Group","Instructional.Condition","Order","Core","Reduced.Mass","Core.Start.Mass","Core.End.Mass","Flake.Scars_10mm","Flake.Scars_Core.Mass","Cortex","Avg.Flake.Scar.Max.Dimension_mm","Max.Core.Dimension","Avg.Scar.Max_Max.Core.Dimension","Area.of.Battered.Platform","surface_area","volume","bounding_box_dim1","bounding_box_dim2","bounding_box_dim3","isoper_ratio","area_volume","PC1","PC2"
"1","1","novice","1",1,"235",0.718786982,676,190.1,32,0.168332457,45,20.581875,77,0.267297078,65,10638.0918,75628.375,69.72905731,68.21511841,45.6409874,210.4852477,0.140662704970191,-1.44033841042687,-0.399337529813114
"2","1","novice","1",2,"20",0.833743974,933.5,155.2,33,0.212628866,35,22.80909091,80.7,0.282640532,10,10124.28125,61525.90104,82.15460205,64.33638763,44.67201233,274.1426701,0.164553156944713,-0.154825232038636,0.63558756856615
"3","1","novice","1",3,"233",0.798216561,785,158.4,29,0.183080808,55,21.66206897,75.3,0.287676879,75,10579.61133,63181.63021,70.72799683,60.29289246,50.81192398,296.638478,0.167447583970784,-1.28074480449768,-0.304854847917302
"4","1","novice","1",4,"10",0.820072475,634.7,114.2,24,0.210157618,45,21.30833333,66.9,0.318510214,10,8132.550781,45779.51042,65.71439362,58.08353806,38.35025406,256.648106,0.177646084599609,-0.0041644200739564,1.04805992866758
"5","1","novice","1",5,"234",0.970536545,967.3,28.5,20,0.701754386,0,17.255,43,0.40127907,10,3202.921875,11295.3776,42.5931015,36.32611847,23.17108917,257.5357526,0.283560407489166,4.27892066613956,-1.15711438191047
"6","1","novice","1",6,"11",0.910619174,600.8,53.7,25,0.465549348,0,19.988,53.3,0.375009381,10,4744.618164,21359.125,50.27050018,37.77443695,29.18070984,234.119122,0.222135418187777,2.61488388107428,-0.650228202392359
"7","1","novice","1",7,"187",0.742076366,801.4,206.7,28,0.135462022,35,22.01785714,77.7,0.283370105,35,11507.42871,82149.52083,75.33148956,66.10231018,46.2036705,225.8004536,0.140079072814234,-0.953891162826708,0.213537831389658
"8","1","novice","1",8,"21",0.886153846,877.5,99.9,37,0.37037037,5,18.81891892,59.9,0.314172269,60,6951.330078,39558.60938,58.51930618,47.07501602,38.98568344,214.645457,0.175722306394179,0.782672960926984,-1.7315257819663
"9","1","novice","1",NA,"8",NA,NA,NA,NA,NA,NA,NA,NA,NA,NA,NA,NA,NA,NA,NA,NA,NA,NA,NA
"10","2","novice","1",1,"31",0.800941592,679.7,135.3,10,0.07390983,40,30.54,63.9,0.477934272,20,8727.089844,53611.29167,61.70618057,54.32305908,44.43864441,231.2574855,0.162784547287517,0.30085701800314,1.55752583136663
"11","2","novice","1",2,"28",0.710453419,685.9,198.6,19,0.095669688,35,27.57368421,84.3,0.327089967,20,11371.0459,78525.86458,80.49716949,63.11235046,44.26246643,238.4381723,0.144806376355341,-0.624195934646426,0.845941545022775
"12","2","novice","1",3,"27",0.871116526,1149.1,148.1,23,0.155300473,5,23.14782609,72.9,0.317528479,5,9274.530273,58674.5,72.09603882,59.31150055,46.19246674,231.727179,0.158067478598028,0.422676792967157,0.229317152000436
"13","2","novice","1",4,"214",0.918405834,795.4,64.9,15,0.231124807,15,25.31333333,55.7,0.454458408,5,5914.260254,25694.07552,49.08806992,50.8182373,26.24236679,313.3540426,0.230179920246455,2.09464776097541,0.841153410235298
"14","2","novice","1",5,"1",0.851620067,990.7,147,28,0.190476191,25,22.56071429,74.3,0.30364353,20,9202.140625,58308.84896,72.35784912,46.77942657,40.57273102,229.1910534,0.157817223099579,-0.0890360275295822,0.246177329799577
"15","2","novice","1",6,"9",0.864903805,1179.9,159.4,28,0.17565872,15,24.525,72.6,0.153858218,5,9691.183594,63159.88542,69.82431793,49.64147186,49.09316254,228.1643543,0.153438903974503,-0.737058037991659,-0.0940344060545199
"16","2","novice","1",7,"26",0.807036578,645.2,124.5,19,0.152610442,30,29.18421053,87.8,0.332394197,25,9935.773438,49435.72917,81.0145874,62.98814011,31.06425667,401.3498925,0.200983653014053,0.257884865836326,0.545175202946312
"17","2","novice","1",NA,"18",NA,NA,NA,NA,NA,NA,NA,NA,NA,NA,NA,NA,NA,NA,NA,NA,NA,NA,NA
"18","2","novice","1",NA,"23",NA,NA,NA,NA,NA,NA,NA,NA,NA,NA,NA,NA,NA,NA,NA,NA,NA,NA,NA
"19","3","novice","1",1,"15",0.424331829,576.2,331.7,33,0.099487489,55,24.31176471,91.7,0.26518068,30,15443.79688,131576.6667,86.96828461,62.51477051,52.37337112,212.7671043,0.117374890756371,-1.7756600336704,0.87393530387306
"20","3","novice","1",2,"32",0.810931234,673.3,127.3,13,0.102120974,50,28.61538462,65.9,0.434224349,20,8501.142578,50505.78125,65.75953674,53.89089966,49.02845764,240.8516986,0.168320187661685,0.00130417160816407,1.61089926620188
"21","3","novice","1",3,"30",0.690835092,663.4,205.1,18,0.087762067,50,26.27222222,85.4,0.307637263,20,12031.59082,81531.76563,76.12970734,66.40293121,36.98959351,262.0085516,0.147569364247558,-1.0352913250087,1.21231327400157
"22","3","novice","1",4,"38",0.785620915,459,98.4,25,0.254065041,15,22.14,70.1,0.315834522,5,7768.786621,39204.71094,70.65964508,50.25650787,36.13552475,305.0584557,0.198159517943891,0.999301996142801,0.270873926097993
"23","3","novice","1",5,"24",0.886827005,819.1,92.7,30,0.323624596,10,22.8,66.3,0.343891403,5,6958.047363,36841.85156,65.72370148,52.14141083,33.08958817,248.1871232,0.188862586118079,1.41772606005246,0.00046050113670501
"24","3","novice","1",6,"37",0.187777644,832.9,676.5,17,0.025129342,85,21.44117647,132.8,0.161454642,50,25718.44141,268217.2917,129.2913361,95.54522705,73.15756226,236.4614736,0.0958865897384646,-3.69942672906491,1.03760052785414
"25","3","novice","1",7,"13",0.854760302,1337.1,194.2,32,0.164778579,5,25.79375,85.8,0.300626457,5,11292.36133,76934.15104,86.6787262,63.82447052,40.83120728,243.285355,0.146779566386959,0.234311361794708,0.12556764991352
"26","3","novice","1",NA,"19",NA,NA,NA,NA,NA,NA,NA,NA,NA,NA,NA,NA,NA,NA,NA,NA,NA,NA,NA
"27","3","novice","1",NA,"51",NA,NA,NA,NA,NA,NA,NA,NA,NA,NA,NA,NA,NA,NA,NA,NA,NA,NA,NA
"28","4","novice","1",1,"52",0.731613728,469.1,125.9,23,0.18268467,45,22.13913043,65.1,0.340078809,60,8385.9375,49897.43229,60.6572113,59.22818756,39.08322525,236.8636781,0.168063507782556,-0.60431166306915,-0.0369849686068051
"29","4","novice","1",2,"39",0.842092546,827.7,130.7,21,0.160673298,20,23.85238095,66.1,0.360852965,50,8347.561523,51849.6875,65.46279907,53.42047882,43.71788788,216.3647959,0.160995406635768,-0.0364701996299907,-0.340289430251629
"30","4","novice","1",3,"80",0.860337357,1292.4,180.5,40,0.221606648,15,21.1725,76.3,0.27749017,70,10843.41992,71853.39063,73.14321899,63.28562927,44.23999786,246.9473083,0.150910344312585,-0.541008241171082,-1.42697942027032
"31","4","novice","1",4,"29",0.908084164,1535.1,141.1,13,0.092133239,30,29.91538462,68.7,0.435449558,30,8615.658203,56292.48958,68.44441223,57.56035614,44.85604477,201.8201256,0.153051646272561,0.097039424143782,0.839785052788423
"32","4","novice","1",5,"45",0.852808722,843.8,124.2,21,0.169082126,25,26.08095238,77,0.338713667,0,9214.057617,49585.32292,75.17558289,66.71031189,34.85608673,318.1606603,0.185822277125547,0.556158304430664,0.962422818806024
"33","4","novice","1",6,"14",0.858983761,954.5,134.6,29,0.215453195,25,18.95357143,60.4,0.313282172,70,8293.391602,53456.38542,59.40526581,54.26066589,47.43000793,199.6169147,0.155143142149247,-0.498674050583358,-1.02073239128095
"34","4","novice","1",7,"25",0.877061469,800.4,98.4,32,0.325203252,10,19.603125,66.9,0.2930213,40,7314.305664,39032.32031,66.30314636,51.76472473,26.98718834,256.8446822,0.187391003299542,0.730589900998769,-1.02078904173014
"35","4","novice","1",8,"66",0.854225352,852,124.2,29,0.233494364,15,20.77586207,65.1,0.319137666,60,8310.359375,48913.05208,63.66057587,47.50427246,42.8389473,239.8887542,0.169900650677205,0.0614995277573557,-1.05046418844488
"36","4","novice","1",NA,"33",NA,NA,NA,NA,NA,NA,NA,NA,NA,NA,NA,NA,NA,NA,NA,NA,NA,NA,NA
"37","5","novice","0",1,"36",0.267319162,653.9,479.1,42,0.087664371,70,19.87380952,105.5,0.188377342,95,19025.58594,189794.3542,105.495163,69.2487793,69.4249115,191.1822391,0.100243160657726,-3.44689914121505,-0.550910279844445
"38","5","novice","0",2,"53",0.664644379,774.7,259.8,35,0.134719015,20,23.63142857,82.6,0.286094777,40,13280.38965,103134.2188,82.04989624,66.54321289,53.23448181,220.2048531,0.128768024856557,-0.818974940997989,-0.318156414794794
"39","5","novice","0",3,"48",0.486717649,993.8,510.1,7,0.013722799,65,53.8,114.4,0.47027972,0,22519.63086,202498.2917,98.81503296,78.71923828,74.09121704,278.5101803,0.111208991794176,-0.792349655937553,2.7667742293269
"40","5","novice","0",4,"68",0.206009655,1201.4,953.9,11,0.011531607,75,33.01818182,140.1,0.235675816,0,32704.79297,377917.125,132.5419464,98.01068115,73.70487213,244.9294846,0.0865395897844005,-2.67495608017611,2.24740047270678
"41","5","novice","0",5,"40",0.639255058,1304.8,470.7,49,0.104100276,35,22.73061224,88.7,0.256263949,60,18238.38477,186266.8958,88.06967163,82.65966797,61.36591339,174.8589099,0.0979153310719424,-1.944937178214,-0.468187918853998
"42","5","novice","0",6,"93",0.746843055,1164.1,294.7,42,0.142517815,20,21.15952381,76.1,0.278048933,85,13508.98926,116968.5313,74.25457764,64.26092529,61.77102661,180.1899214,0.115492509907235,-1.45735155315988,-1.48830452153499
"43","5","novice","0",NA,"43",NA,NA,NA,NA,NA,NA,NA,NA,NA,NA,NA,NA,NA,NA,NA,NA,NA,NA,NA
"44","5","novice","0",NA,"47",NA,NA,NA,NA,NA,NA,NA,NA,NA,NA,NA,NA,NA,NA,NA,NA,NA,NA,NA
"45","5","novice","0",NA,"91",NA,NA,NA,NA,NA,NA,NA,NA,NA,NA,NA,NA,NA,NA,NA,NA,NA,NA,NA
"46","6","novice","0",1,"46",0.647795319,551.1,194.1,10,0.051519835,40,24.31,75.1,0.323701731,50,11054.68066,77007.375,73.31820679,58.55013657,46.70542526,227.8106199,0.14355353185328,-1.2325435761537,0.367712182138462
"47","6","novice","0",2,"44",0.821776277,503.3,89.7,42,0.468227425,20,16.03809524,56.1,0.285884051,90,6316.28418,35664.92448,51.47609711,50.61096954,34.39424133,198.1081611,0.177100730538264,0.366545622307997,-2.44347483197557
"48","6","novice","0",3,"60",0.413391558,1305.3,765.7,58,0.075747682,35,19.50862069,105.6,0.184740726,95,25254.04297,303091.5833,104.9055481,97.00228882,77.62765503,175.3254621,0.0833214921214211,-3.00441428132747,-1.49044779199981
"49","6","novice","0",4,"71",0.828966174,839.6,143.6,30,0.208913649,20,22.25666667,71.2,0.313033287,70,9264.569336,56921.6875,70.53520966,64.06079102,51.3895874,245.4257769,0.162759920566304,-0.344081723102397,-1.12031379211939
"50","6","novice","0",5,"112",0.765486172,799.1,187.4,17,0.090715048,40,21.72352941,73.9,0.293958449,65,10542.31445,74520.21875,73.40455627,47.22856522,45.98400116,210.9889234,0.141469182818254,-1.45188149913118,-0.21346326741563
"51","6","novice","0",6,"87",0.237619158,860.2,655.8,24,0.036596523,70,21.225,128.9,0.164662529,75,24735.05273,259507.5208,128.6638184,92.62944031,68.02500153,224.718395,0.0953153598544956,-3.6146112271245,0.00446961656808323
"52","6","novice","0",NA,"54",NA,NA,NA,NA,NA,NA,NA,NA,NA,NA,NA,NA,NA,NA,NA,NA,NA,NA,NA
"53","6","novice","0",NA,"65",NA,NA,NA,NA,NA,NA,NA,NA,NA,NA,NA,NA,NA,NA,NA,NA,NA,NA,NA
"54","6","novice","0",NA,"110",NA,NA,NA,NA,NA,NA,NA,NA,NA,NA,NA,NA,NA,NA,NA,NA,NA,NA,NA
"55","7","novice","0",1,"55",0.182904257,594.3,485.6,15,0.030889621,75,21.30666667,102.1,0.265122843,90,19389.13672,193087.6875,98.41703796,82.94911194,75.64645386,195.5087758,0.100416225244813,-3.23186699111432,0.118025239634647
"56","7","novice","0",2,"49",0.455070682,813.5,443.3,46,0.103767201,40,21.14565217,92.9,0.227617354,90,18156.17773,175651.9167,90.22125244,78.14685059,65.65135193,193.9847057,0.103364529525797,-2.476410422943,-1.14509575522728
"57","7","novice","0",3,"74",0.783834236,1607.1,347.4,42,0.1208981,25,24.05,86.5,0.278034682,90,15185.85254,137451.3646,86.3784256,68.51987457,59.99493027,185.3614524,0.110481642610044,-1.73990674482786,-1.42186439367065
"58","7","novice","0",4,"81",0.669917919,1876.2,619.3,61,0.098498305,30,23.18196721,99.6,0.232750675,90,22920.875,245339.625,91.69298553,90.4497757,77.03736877,200.0590416,0.0934250836977516,-2.37398090691759,-1.39816061763583
"59","7","novice","0",NA,"58",NA,NA,NA,NA,NA,NA,NA,NA,NA,NA,NA,NA,NA,NA,NA,NA,NA,NA,NA
"60","7","novice","0",NA,"77",NA,NA,NA,NA,NA,NA,NA,NA,NA,NA,NA,NA,NA,NA,NA,NA,NA,NA,NA
"61","7","novice","0",NA,"88",NA,NA,NA,NA,NA,NA,NA,NA,NA,NA,NA,NA,NA,NA,NA,NA,NA,NA,NA
"62","7","novice","0",NA,"114",NA,NA,NA,NA,NA,NA,NA,NA,NA,NA,NA,NA,NA,NA,NA,NA,NA,NA,NA
"63","7","novice","0",NA,"118",NA,NA,NA,NA,NA,NA,NA,NA,NA,NA,NA,NA,NA,NA,NA,NA,NA,NA,NA
"64","8","novice","0",1,"56",0.707755923,894.8,261.5,20,0.076481836,30,28.285,98.9,0.285995956,5,15777.00098,102433.3542,97.91156006,79.5266571,67.15125275,374.274785,0.154022106404869,-0.585619859006911,1.0229591290733
"65","8","novice","0",2,"50",0.546327898,791.1,358.9,47,0.130955698,50,18.70638298,121.5,0.149054845,30,17393.50391,142842.9167,118.4141846,59.49525452,57.42802429,257.8955322,0.121766653270809,-2.21755131977271,0.286406407988056
"66","8","novice","0",3,"146",0.397586167,861.7,519.1,31,0.059718744,65,28.23870968,169.2,0.166895447,15,25468.61914,204796.9583,163.9703827,73.548172,64.24518585,393.8847736,0.1243603389006,-2.47466319116167,1.32595371309579
"67","8","novice","0",4,"75",0.826293308,1264.2,219.6,39,0.177595628,30,21.55128205,81.6,0.264108849,70,11721.49121,87082.83854,76.56354523,64.22863007,39.43454742,212.365246,0.134601620784512,-1.24902208832086,-0.96971750470568
"68","8","novice","0",5,"69",0.768175698,1188.4,275.5,14,0.050816697,30,33.81428571,120.3,0.281083007,5,16008.76074,109299.3646,119.6122055,73.01809692,92.18508148,343.4297135,0.146467097943221,-0.788247190974997,1.06980964823266
"69","8","novice","0",6,"108",0.956025918,1157.5,50.9,17,0.333988212,0,28.95882353,68.4,0.423374613,0,5383.651855,20144.79688,67.60176849,44.82656097,21.6975975,384.5077676,0.267247760653519,3.02081443623714,0.227917892624879
"70","8","novice","0",7,"89",0.854424735,1009.1,146.9,17,0.115724983,55,26.6,110.4,0.240942029,15,10809.02344,58164.43229,110.1343231,60.64360428,33.21650696,373.288309,0.185835621778404,-0.973645419319129,1.24506635390228
"71","8","novice","0",8,"125",0.949414758,982.5,49.7,14,0.281690141,20,24.41428571,53.8,0.453797132,60,4856.112305,19758.67188,50.30225754,48.87916565,30.14920044,293.3260726,0.245771190214228,1.75880394292787,-0.488802803815399
"72","8","novice","0",9,"90",0.814060921,692.7,128.8,21,0.163043478,60,22.4,71,0.315492958,15,8763.606445,51043.01042,70.67256165,65.323349,32.335495,258.3307101,0.1716906266478,-0.603192033284741,1.44566230686808
"73","9","novice","1",1,"154",0.821763602,746.2,133,23,0.172932331,35,28.82173913,75.7,0.380736316,5,9194.023438,52846.82813,74.37034607,56.42432404,45.03598785,278.2780603,0.173974934037351,0.447435116596905,1.20581336009592
"74","9","novice","1",2,"72",0.759299781,776.9,187,44,0.235294118,40,19.92045455,75.7,0.263149994,35,10527.58887,73980.3125,73.27539063,63.94096375,49.68872452,213.183911,0.142302573674584,-0.791237079954333,-0.0126823744623983
"75","9","novice","1",3,"129",0.840765628,1473.3,234.6,47,0.200341006,25,20.14042553,84,0.239766971,70,12378.31934,92968.83333,80.8737793,64.61659241,44.42817688,219.4372163,0.133144828181959,-1.23126198651689,-1.25100905695629
"76","9","novice","1",4,"92",0.789499271,822.8,173.2,29,0.16743649,45,22.3,68,0.327941177,65,10098.9375,68753.29167,65.64338684,66.09880829,50.33390808,217.8913865,0.146886603603978,-1.01139890141414,-0.192214468536643
"77","9","novice","1",5,"57",0.847139304,804,122.9,22,0.179007323,25,22.61363636,70.8,0.319401644,50,8336.164063,48672.36458,68.66619873,47.05158234,40.56742096,244.5309691,0.171270989912527,-0.20903617767522,-0.374057347726118
"78","9","novice","1",6,"61",0.919424661,716.1,57.7,21,0.363951473,15,22.07619048,61.1,0.361312446,55,5352.842285,22979.57813,59.19953156,36.58227539,30.26116943,290.4485684,0.232939101610914,1.51117598624882,-1.06493773923235
"79","9","novice","1",NA,"83",NA,NA,NA,NA,NA,NA,NA,NA,NA,NA,NA,NA,NA,NA,NA,NA,NA,NA,NA
"80","9","novice","1",NA,"99",NA,NA,NA,NA,NA,NA,NA,NA,NA,NA,NA,NA,NA,NA,NA,NA,NA,NA,NA
"81","9","novice","1",NA,"117",NA,NA,NA,NA,NA,NA,NA,NA,NA,NA,NA,NA,NA,NA,NA,NA,NA,NA,NA
"82","10","novice","1",1,"96",0.712570986,774.8,222.7,18,0.080826224,50,24.63888889,81.1,0.303808741,25,12261.72949,88322.90625,78.83268738,65.51120758,41.23911285,236.3243601,0.138828419609437,-1.22957387625958,1.08242073908181
"83","10","novice","1",2,"62",0.589258312,586.5,240.9,46,0.190950602,20,20.34565217,75.8,0.268412298,30,12192.42676,95759.92708,76.27876282,65.16013336,56.42721176,197.6527462,0.127322849252111,-0.632944064427255,-0.302171150479078
"84","10","novice","1",3,"59",0.727171801,720.6,196.6,28,0.14242116,25,21.83571429,71.6,0.304968077,30,10989.76074,77854.86979,65.01708984,63.847435,49.71537781,218.9743002,0.141157011367985,-0.537633244357485,0.118976150992249
"85","10","novice","1",4,"157",0.858700751,852.8,120.5,23,0.190871369,25,25.08695652,67.3,0.372763098,5,8641.612305,47964.16667,63.5204277,57.81809235,41.3841629,280.511408,0.180168090158961,0.726585147087233,0.87255021361769
"86","10","novice","1",5,"94",0.650539784,750.3,262.2,23,0.087719298,35,26.99130435,87.1,0.309888684,40,13313.91016,103940.8958,86.47447205,70.230896,48.62221146,218.4459286,0.128091162362293,-1.14663927262754,0.296087001796026
"87","10","novice","1",6,"100",0.673014664,1050.2,343.4,37,0.107746069,30,24.81891892,92.4,0.268603019,80,15728.89941,135664.1563,88.87663269,59.7920723,60.74397278,211.4291039,0.115939978834336,-1.77827922806475,-1.02535242985248
"88","10","novice","1",NA,"85",NA,NA,NA,NA,NA,NA,NA,NA,NA,NA,NA,NA,NA,NA,NA,NA,NA,NA,NA
"89","10","novice","1",NA,"119",NA,NA,NA,NA,NA,NA,NA,NA,NA,NA,NA,NA,NA,NA,NA,NA,NA,NA,NA
"90","10","novice","1",NA,"132",NA,NA,NA,NA,NA,NA,NA,NA,NA,NA,NA,NA,NA,NA,NA,NA,NA,NA,NA
"91","11","novice","1",1,"63",0.498988196,593,297.1,10,0.033658701,60,40.08,104.1,0.385014409,4,15684.56934,117782.8438,103.2451782,76.5608139,50.88710022,278.1337708,0.13316514386962,-0.944393037153012,2.24811679942272
"92","11","novice","1",2,"64",0.736681423,655.1,172.5,35,0.202898551,30,20.26571429,79.6,0.254594401,40,10488.96387,68421.79688,79.5098114,63.2802124,39.0290451,246.495399,0.153298573675226,-0.698286699448262,-0.309387273206865
"93","11","novice","1",3,"97",0.733694856,682.3,181.7,36,0.198128784,40,20.23611111,74.9,0.270175048,40,10692.66699,71989.82292,71.01593018,55.6725502,42.62832642,235.8934674,0.148530258254454,-0.868972851503746,0.0112704961388475
"94","11","novice","1",4,"133",0.878748791,1240.4,150.4,32,0.212765957,20,22.36875,71.3,0.313727209,40,9610.621094,59604,70.65007019,61.29560471,38.61382294,249.8639225,0.161241210220791,-0.0248226611846291,-0.4020965407238
"95","11","novice","1",5,"158",0.819830963,970.2,174.8,30,0.171624714,25,24.97,86.1,0.290011614,20,10964.97363,69534.01042,85.24891663,64.0714035,42.22858047,272.6642617,0.157692236702144,-0.240389510400586,0.259196342570254
"96","11","novice","1",6,"103",0.682586969,1040.6,330.3,24,0.072661217,40,26.49583333,82.1,0.32272635,5,15439.31836,130873.9688,80.90657806,77.10861206,66.66087341,214.8710085,0.117970888340631,-0.959404584261236,1.34780612010178
"97","11","novice","1",NA,"98",NA,NA,NA,NA,NA,NA,NA,NA,NA,NA,NA,NA,NA,NA,NA,NA,NA,NA,NA
"98","11","novice","1",NA,"101",NA,NA,NA,NA,NA,NA,NA,NA,NA,NA,NA,NA,NA,NA,NA,NA,NA,NA,NA
"99","11","novice","1",NA,"120",NA,NA,NA,NA,NA,NA,NA,NA,NA,NA,NA,NA,NA,NA,NA,NA,NA,NA,NA
"100","12","novice","1",1,"70",0.905192178,741.5,70.3,17,0.241820768,30,23.81176471,59.4,0.40087146,5,10143.45801,52971.18229,87.97134399,72.43383026,35.32936859,371.9450423,0.191490119183443,1.10198565482154,0.963773811470318
"101","12","novice","1",2,"137",0.915799117,1200.7,101.1,30,0.296735905,15,22.01333333,64.1,0.343421737,20,6965.814941,40010.34375,73.07637024,82.45613098,35.47306824,211.1403476,0.174100352262032,0.903529961436016,-0.180972129293049
"102","12","novice","1",3,"127",0.904707068,694.7,66.2,13,0.196374622,20,26.03076923,59.2,0.43970894,20,5716.01709,26422.2474,58.15933228,39.23823929,32.36949921,267.5106315,0.216333493645207,1.47583958227378,0.639729382736085
"103","12","novice","1",4,"175",0.927821036,809.1,58.4,32,0.547945206,10,17.88125,55.5,0.322184685,55,5036.203613,23265.76302,55.10102081,41.71325684,33.6513443,235.9800238,0.216464149861353,1.85946215155508,-1.90550966536729
"104","12","novice","1",5,"105",0.967757887,1011.1,32.6,15,0.460122699,0,23.26,51.5,0.451650485,30,3737.338867,12950.72526,48.56012726,37.26129532,19.33610725,311.2427556,0.288581434009975,3.5554459634689,-0.750051745728117
"105","12","novice","1",6,"145",0.890598151,1222.1,133.7,12,0.089753179,40,30.875,89.6,0.344587054,0,4531.648926,13501.69922,51.07676697,46.7576828,18.60676193,510.4954943,0.335635452409375,1.61112574472919,1.90580986483441
"106","12","novice","1",7,"115",0.958143959,946.1,39.6,19,0.47979798,5,18.26842105,43.8,0.417087239,60,3837.490723,15769.34375,43.1183815,38.35900116,23.04764366,227.2556948,0.243351326715799,2.5190949070623,-1.60308581333407
"107","12","novice","1",8,"67",0.940706806,764,45.3,14,0.309050773,10,23.72857143,44.7,0.530840524,10,4100.421387,17985.24479,42.26963043,35.44076157,36.60458374,213.1340137,0.227988077720237,2.85754872018344,0.590936062362645
"108","12","novice","1",9,"102",0.971410978,1136.8,32.5,14,0.430769231,5,24.22857143,51.4,0.471372985,25,3873.723389,15705.50651,43.20232773,38.64011383,23.59973717,235.6578564,0.246647466385979,3.07561934181924,-0.425211658880532
"109","13","novice","0",1,"104",0.76036941,617.2,147.9,21,0.14198783,35,23.05238095,67.5,0.341516755,10,9491.969727,58544.89063,65.33068848,60.49932861,37.49679184,249.511769,0.162131479363223,-0.0797618146671534,1.02962178378564
"110","13","novice","0",2,"121",0.809671695,901.6,171.6,15,0.087412587,75,20.08,83.9,0.239332539,60,10333.94629,68106.88021,82.99924469,58.70735931,48.56978989,237.9121524,0.151731311992803,-2.3186615634388,0.695741557687608
"111","13","novice","0",3,"186",0.837165032,682.9,111.2,23,0.206834532,60,17.71304348,63.1,0.280713843,55,7563.015137,44241.99479,53.69504547,61.16679382,36.20890045,221.0118237,0.170946522029551,-1.08658148205372,0.228561326087541
"112","13","novice","0",4,"76",0.910020715,772.4,69.5,19,0.273381295,50,18.93684211,57.7,0.328194837,20,5895.630859,27626.6276,57.10738373,46.01975632,30.85520363,268.4943202,0.213403928425922,0.459414535513685,0.847448851947666
"113","13","novice","0",5,"151",0.913553796,1073.5,92.8,24,0.25862069,40,17.93333333,55.4,0.323706378,40,6597.808105,36885.15625,52.12400818,50.69968414,36.59070969,211.1036709,0.178874343388474,-0.0045290698136152,0.0580806526119271
"114","13","novice","0",6,"111",0.779392496,839.5,185.2,43,0.232181426,15,19.35116279,65.1,0.297252885,80,10045.76367,73318.01042,63.327034,57.1453476,46.58457565,188.593851,0.13701631580635,-0.637970351099337,-1.66614623785575
"115","13","novice","0",7,"130",0.86554848,1114.9,149.9,28,0.186791194,5,23.38928571,71.9,0.325303,50,9498.708008,59638.23958,66.96313477,59.86227417,38.94929504,240.9594604,0.159272105865201,0.119553550489918,-0.93384249851409
"116","13","novice","0",8,"152",0.74485811,1152.3,294,34,0.115646259,20,24.29411765,85.7,0.283478619,30,14387.94043,116743.6354,84.86721802,68.12962341,60.41530991,218.5392593,0.123243895743887,-0.85653924452551,-0.0363875906488469
"117","13","novice","0",9,"181",0.91969334,1043.5,83.8,20,0.238663485,0,25.225,65.4,0.385703364,15,6405.025391,33183.57552,64.063591,43.30102539,29.20188141,238.6251467,0.193017940069166,1.49935993434054,-0.113651205643663
"118","15","novice","0",1,"131",0.795954065,1314.9,268.3,30,0.111815132,10,24.76333333,101.4,0.244214333,95,13918.57129,106415.4271,100.1316681,71.85964203,49.69663239,238.1084401,0.130794675821961,-1.5176735872333,-1.98379486397474
"119","15","novice","0",2,"113",0.716640773,1158.6,328.3,47,0.143161742,45,16.48085106,82.2,0.200496972,95,14457.26465,130263.9688,78.96353149,72.41937256,64.90419006,178.0778001,0.110984371067312,-2.5680604753966,-1.32337665332433
"120","15","novice","0",4,"78",NA,NA,NA,NA,NA,NA,NA,NA,NA,NA,NA,NA,NA,NA,NA,NA,NA,NA,NA
"121","15","novice","0",NA,"106",NA,NA,NA,NA,NA,NA,NA,NA,NA,NA,NA,NA,NA,NA,NA,NA,NA,NA,NA
"122","15","novice","0",NA,"128",NA,NA,NA,NA,NA,NA,NA,NA,NA,NA,NA,NA,NA,NA,NA,NA,NA,NA,NA
"123","15","novice","0",NA,"160",NA,NA,NA,NA,NA,NA,NA,NA,NA,NA,NA,NA,NA,NA,NA,NA,NA,NA,NA
"124","15","novice","0",NA,"163",NA,NA,NA,NA,NA,NA,NA,NA,NA,NA,NA,NA,NA,NA,NA,NA,NA,NA,NA
"125","15","novice","0",NA,"184",NA,NA,NA,NA,NA,NA,NA,NA,NA,NA,NA,NA,NA,NA,NA,NA,NA,NA,NA
"126","15","novice","0",NA,"205",NA,NA,NA,NA,NA,NA,NA,NA,NA,NA,NA,NA,NA,NA,NA,NA,NA,NA,NA
"127","16","novice","0",1,"147",0.659725159,946,321.9,20,0.062131097,25,24.695,96.5,0.255906736,85,15383.25195,127448.9167,94.04170227,62.77584839,51.25868988,224.1156389,0.120701315855123,-1.92271170611102,-1.17450616348741
"128","16","novice","0",2,"123",0.632634784,558.3,205.1,30,0.146270112,45,22.56,96.8,0.233057851,30,12648.76465,81659.95313,90.53057861,61.36423111,46.21291351,303.4772102,0.15489556588238,-1.2038515158834,0.437714003703062
"129","16","novice","0",3,"208",0.801423948,772.5,153.4,32,0.208604954,10,24.221875,75.4,0.321245027,50,10175.24414,61173.38542,88.03387451,79.24334717,67.4855957,281.520149,0.166334494488731,0.15068592937678,-0.865532503266372
"130","16","novice","0",4,"171",0.841981132,1229.6,194.3,23,0.118373649,40,23.7826087,86.6,0.274625967,25,12262.44434,77113.73958,81.60020447,68.22945404,41.2804184,310.075618,0.159017633002723,-0.858330413886837,0.649929839837948
"131","16","novice","0",5,"139",0.783352716,1203.8,260.8,25,0.095858896,30,28.44,110.9,0.25644725,20,14893.55957,103316.5,110.5704498,72.63599396,50.09746933,309.4967905,0.144154704911607,-0.958187048104785,0.486874979944918
"132","16","novice","0",6,"79",0.96610414,693.3,23.5,12,0.510638298,5,23.975,46.5,0.515591398,5,3003.991211,9365.606771,44.64238739,29.43088531,24.88751221,309.046717,0.32074709994249,4.63247187748833,0.104978533920834
"133","16","novice","0",7,"196",0.837610783,1083.2,175.9,23,0.130756111,15,26.40434783,90.4,0.292083494,10,11555.23047,69604.63021,89.30395508,60.67273712,48.13882446,318.4634346,0.166012382152414,0.016310584031901,0.3817301847559
"134","16","novice","0",8,"135",0.930557578,1373.8,95.4,20,0.209643606,0,26.53,82.8,0.320410628,25,7707.161133,38065.97917,83.21122742,50.55511475,31.16990662,315.943413,0.202468485010732,0.996338367111843,-0.459211005094701
"135","16","novice","0",9,"166",0.886870883,1563.7,176.9,18,0.101752403,15,32.97222222,84.2,0.391594088,10,11438.98047,70276.54688,81.93704224,62.19086075,51.05485535,303.0687292,0.162770952442107,0.477439290965356,0.778311592564113
"136","17","novice","1",1,"82",0.914897231,588.7,50.1,14,0.279441118,15,25.30714286,53.5,0.473030708,4,4780.871094,19868.29557,46.37468719,45.40587997,27.87409973,276.8215382,0.240628144329544,2.50260411982019,0.799644666433669
"137","17","novice","1",2,"126",0.872281776,653,83.4,24,0.287769784,25,19.7875,53.1,0.372645951,35,6169.816895,33072.89583,52.28113556,47.70218658,41.70118713,214.7199415,0.186552061443723,0.825188469537121,-0.136590642029111
"138","17","novice","1",3,"170",0.920297283,780.4,62.2,35,0.562700965,5,18.88571429,51.8,0.364589079,10,5304.994141,24631.44792,50.34622574,41.73827362,38.18700409,246.0791636,0.215374839442244,2.73105533767003,-0.854564949252701
"139","17","novice","1",4,"218",0.783703704,810,175.2,22,0.125570776,25,23.30454545,63.7,0.365848437,60,9359.683594,69553.60938,62.47114563,58.25165558,51.69681549,169.4900309,0.134567906359312,-0.618918539878076,-0.380408087703964
"140","17","novice","1",5,"155",0.95097493,897.5,44,25,0.568181818,0,19.876,49.1,0.404806517,5,4285.547363,17451.31901,47.60975647,44.68969727,28.97980499,258.4415772,0.245571544508715,3.46693572556505,-0.696629679103865
"141","17","novice","1",6,"177",0.981872859,1197.1,21.7,7,0.322580645,5,32.3,48.6,0.664609054,0,2944.289795,8661.303385,46.29960632,34.62462616,28.52177048,340.2320004,0.339936111705663,5.11240419807262,1.30044914676617
"142","17","novice","1",7,"178",0.930188987,1227.6,85.7,17,0.198366394,10,27.6,57.9,0.476683938,15,6734.253418,33997.19271,54.83934021,49.72140503,42.96992493,264.2300775,0.198082632158601,1.76055519381704,0.57173846559914
"143","17","novice","1",8,"197",0.827345133,1130,195.1,40,0.205023065,5,22.0325,72.2,0.30515928,20,10846.09277,76231.19271,72.22625732,58.18564606,53.70417023,219.5606537,0.142278933129918,0.199640566186753,-0.354605287585551
"144","17","novice","1",9,"138",0.932751748,1730.9,116.4,28,0.240549828,35,21.55,64.8,0.332561728,40,8013.358398,46115.30729,60.32113266,52.35234833,36.61747742,241.9655221,0.173767862970257,0.0276184490165019,-0.00246860684522198
"145","18","novice","1",1,"161",0.664433557,1000.1,335.6,22,0.065554231,30,29.94272727,97.3,0.307736149,40,16375.25,133324.156,96.11766,70.23912,43.508575,247.027965,0.122822828895313,-1.19732886781313,0.212564902275379
"146","18","novice","1",2,"134",0.778608293,561.9,124.4,23,0.18488746,50,19.7,66.8,0.29491018,25,8074.239258,49419.05729,63.94800186,47.33867645,38.5484848,215.53407,0.163383109690233,-0.646689569717726,0.789318790272131
"147","18","novice","1",3,"219",0.832464631,805.8,135,38,0.281481482,30,20.56578947,70.1,0.293377881,75,8690.125977,53615.53125,67.92779541,51.45796204,44.06547165,228.29531,0.162082250691119,-0.458268493378742,-1.25727855561625
"148","18","novice","1",4,"144",0.864000721,1110.3,151,44,0.291390729,15,21.01363636,70.7,0.297222579,30,9378.916016,60108.57292,67.69169617,55.30921173,49.13497162,228.341635,0.156032917775017,0.306964692610327,-0.589779024407742
"149","18","novice","1",5,"200",0.817144529,683.6,125,29,0.232,15,21.36551724,63.2,0.338061982,20,8187.4956,49960.5052,61.06637,48.145973,42.903454,219.887019,0.163879359650671,0.529190346145402,-0.0235076095573161
"150","18","novice","1",6,"183",0.892312948,1463.5,157.6,21,0.133248731,20,30.07142857,69.9,0.430206417,20,9591.742188,62447.8125,63.64299774,56.57682037,36.44525146,226.28618,0.153596127774692,0.521517770049869,0.678336227871473
"151","18","novice","1",7,"109",0.577524478,684.3,289.1,20,0.069180214,60,23.15,97.2,0.238168724,40,14112.17188,114536.2708,96.53511047,65.00842285,56.30242157,214.237501,0.123211379080451,-2.1893439258129,0.77982589228365
"152","18","novice","1",NA,"180",NA,NA,NA,NA,NA,NA,NA,NA,NA,NA,NA,NA,NA,NA,NA,NA,NA,NA,NA
"153","19","novice","1",1,"122",0.848239852,593.7,90.1,22,0.244173141,10,21.21045455,63.1,0.336140326,20,6792.665527,35844.95052,54.53303528,46.92642975,38.39199829,243.9297218,0.189501322458514,0.933277513533904,-0.149921110302048
"154","19","novice","1",2,"162",0.911201139,913.3,81.1,18,0.221948212,25,24.52777778,64.6,0.379686963,5,6610.496094,32094.22396,57.68645477,50.21646118,21.61109352,280.4454518,0.205971520054165,1.15567070859124,0.850909522769289
"155","19","novice","1",3,"209",0.875908928,838.9,104.1,27,0.259365994,10,22.5962963,58.6,0.385602326,5,7164.413574,41186.07813,58.86997223,49.22036743,48.20389938,216.7909089,0.173952313482876,1.27887893746776,0.296885483107304
"156","19","novice","1",4,"190",0.907976666,1525.7,140.4,18,0.128205128,20,28.29444444,71.1,0.397952805,10,9490.108398,55700.71354,65.42866516,55.37069702,45.75157166,275.4812227,0.170376783255836,0.593878145771313,0.86681756478589
"157","19","novice","1",5,"203",0.740821519,1100.4,285.2,30,0.105189341,5,27.37666667,88.2,0.310393046,40,13760.7373,113378.0208,85.78760529,69.90251923,53.14669037,202.7063574,0.121370413797169,-0.562823191098518,-0.565796074562623
"158","19","novice","1",6,"141",0.88030888,725.2,86.8,23,0.264976959,10,26.65652174,69,0.386326402,5,7330.850586,34423.61458,63.78753662,54.22133636,38.39598083,332.4682388,0.212959931007919,1.71996935128466,0.357290789491621
"159","19","novice","1",7,"226",0.817902813,782,142.4,20,0.140449438,60,20.88,80.5,0.259378882,10,9403.216797,56418.51042,80.63986206,49.47019958,37.03696442,261.2077849,0.166669001485488,-1.0235708594702,1.44740856061771
"160","19","novice","1",8,"150",0.906300734,1293.5,121.2,22,0.181518152,10,27.84545455,68.7,0.405319571,40,8206.100586,48117.04688,68.26607513,60.35906982,34.50811005,238.6781031,0.170544559944947,0.711008081402978,-0.265883672286914
"161","19","novice","1",9,"191",0.891029085,1303.1,142,10,0.070422535,65,30.78,77.8,0.39562982,5,9372.575195,56421.94271,76.81611633,53.76050568,43.80427551,258.6310893,0.166115783059325,-0.505131564362705,2.34355208218467
"162","20","novice","1",1,"140",0.573401416,861.7,367.6,6,0.016322089,75,40.78333333,96.5,0.422625216,0,18303.91602,146645.9688,87.4342804,83.78101349,56.70697403,285.1620877,0.124817041816972,-1.1216224992935,2.8999313910802
"163","20","novice","1",2,"153",0.810464259,678.5,128.6,34,0.264385692,10,19.67058824,68.6,0.286743269,80,8500.988281,50994.30208,67.39360046,54.37692261,39.45494461,236.2462632,0.166704669624925,-0.170190355115446,-1.87206924044522
"164","20","novice","1",3,"212",0.870476396,925.7,119.9,24,0.200166806,20,20.63333333,73.3,0.281491587,15,7961.792969,47496.52604,71.50088501,46.80976105,37.13228607,223.722132,0.167628953795375,0.0682037378432037,0.154374537189586
"165","20","novice","1",4,"165",0.699980499,1025.6,307.7,39,0.126746831,20,23.07435897,85.1,0.271144054,35,14686.86816,122290.8229,84.85673523,73.82771301,56.19760895,211.8360426,0.120097876616709,-0.977488230682584,-0.236612273671872
"166","20","novice","1",5,"206",0.906887347,936.5,87.2,14,0.160550459,40,22.71428571,74.4,0.305299539,0,8200.354492,34683.3151,74.11206055,62.16316605,60.78035736,458.4127385,0.236435140884211,0.569587692739809,1.37827009259316
"167","20","novice","1",6,"201",0.79415529,937.6,193,22,0.113989637,35,26.56363636,95.4,0.278444826,25,12105.82715,76717.91146,95.47911072,63.19817734,34.1306572,301.4323527,0.157796620366964,-0.765827957030341,0.539818937318747
"168","20","novice","1",7,"192",0.894368132,1456,153.8,31,0.201560468,0,25.72903226,69.6,0.369670004,20,9837.782227,60934.73438,67.40055847,60.40639496,50.9299469,256.4258296,0.16144785608894,0.879179127873935,-0.235678721618988
"169","20","novice","1",8,"159",0.770690401,1617.9,371,37,0.099730458,10,27.33783784,90,0.303753754,35,17307.42383,147320.0729,87.80851746,79.46833801,65.52181244,238.8765051,0.117481776171453,-0.709398863321421,-0.323191379812397
"170","20","novice","1",NA,"230",NA,NA,NA,NA,NA,NA,NA,NA,NA,NA,NA,NA,NA,NA,NA,NA,NA,NA,NA
"171","21","novice","0",1,"143",0.740293638,613,159.2,27,0.16959799,20,20.38518519,75.5,0.270002453,80,9910.015625,63012.51042,73.65454102,59.29357529,42.4380722,245.114754,0.157270604820318,-0.909428826816363,-1.39304252257316
"172","21","novice","0",2,"202",0.82495777,1420.8,248.7,44,0.176919984,10,21.61363636,94.2,0.229444123,80,13989.81152,98394.20833,94.35427856,68.39120483,41.55874634,282.8111443,0.142181249866661,-1.09223260016552,-1.83877632051452
"173","21","novice","0",3,"210",0.65248307,886,307.9,44,0.14290354,20,19.25,88.6,0.217268623,95,14292.345,122430.052,87.28526,62.140083,60.356613,194.775521,0.116738862448576,-1.91498881609196,-1.92347441578064
"174","21","novice","0",NA,"164",NA,NA,NA,NA,NA,NA,NA,NA,NA,NA,NA,NA,NA,NA,NA,NA,NA,NA,NA
"175","21","novice","0",NA,"167",NA,NA,NA,NA,NA,NA,NA,NA,NA,NA,NA,NA,NA,NA,NA,NA,NA,NA,NA
"176","21","novice","0",NA,"173",NA,NA,NA,NA,NA,NA,NA,NA,NA,NA,NA,NA,NA,NA,NA,NA,NA,NA,NA
"177","21","novice","0",NA,"193",NA,NA,NA,NA,NA,NA,NA,NA,NA,NA,NA,NA,NA,NA,NA,NA,NA,NA,NA
"178","21","novice","0",NA,"221",NA,NA,NA,NA,NA,NA,NA,NA,NA,NA,NA,NA,NA,NA,NA,NA,NA,NA,NA
"179","21","novice","0",NA,"232",NA,NA,NA,NA,NA,NA,NA,NA,NA,NA,NA,NA,NA,NA,NA,NA,NA,NA,NA
"180","22","novice","0",1,"142",0.896877064,1059.9,109.3,19,0.173833486,5,23.08947368,59.7,0.386758353,60,7371.178223,43401.91146,48.87409973,55.97306824,50.15689087,212.6145699,0.169835336164708,0.450521266112684,-0.923136334564343
"181","22","novice","0",2,"182",0.902073558,660.7,64.7,14,0.216383308,50,19.60714286,55.1,0.355846513,30,5460.68457,25753.2474,54.29074478,46.69589996,33.51752853,245.5145713,0.212038679440481,0.300732889276122,0.860004588320167
"182","22","novice","0",3,"124",0.941430661,1504.2,88.1,17,0.192962543,20,25.51764706,65.2,0.391374955,10,7634.169434,35038.53646,61.97695923,61.30297089,27.10209084,362.4044053,0.217879232561987,1.29441499768484,0.743015003904796
"183","22","novice","0",4,"179",0.888183238,960.5,107.4,38,0.353817505,0,20.15263158,60.8,0.331457756,50,7206.144043,42693.34375,71.11950684,49.15099335,44.68226242,205.2997765,0.168788467007811,0.957415336277761,-1.52988583298149
"184","22","novice","0",5,"148",0.955739532,1256.2,55.6,27,0.485611511,0,19.11851852,61,0.313418336,10,5136.216,22179.9896,60.08101,36.288845,25.697159,275.427377,0.231569811015601,2.416386447035,-0.887747738025231
"185","22","novice","0",6,"116",0.95801876,874.2,36.7,12,0.326975477,25,25.81666667,55.8,0.462664277,5,3943.244629,14662.26693,54.5189743,40.48449707,22.28413391,285.206171,0.268938264991742,2.70624780613782,0.920306979490131
"186","22","novice","0",7,"84",0.776483051,1038.4,232.1,20,0.086169754,30,27.30578947,84.1,0.324682396,10,13202.20898,92074.55208,77.18449402,67.98642731,50.95386505,271.4317082,0.143386078799809,-0.483960857920544,0.9745199781548
"187","22","novice","0",NA,"73",NA,NA,NA,NA,NA,NA,NA,NA,NA,NA,NA,NA,NA,NA,NA,NA,NA,NA,NA
"188","22","novice","0",NA,"107",NA,NA,NA,NA,NA,NA,NA,NA,NA,NA,NA,NA,NA,NA,NA,NA,NA,NA,NA
"189","23","novice","0",1,"6",0.668353406,988.1,327.7,33,0.100701862,25,25.18484848,82.1,0.306758203,90,15879.33594,130193.5625,82.57910156,73.71148682,60.85577011,236.2207196,0.121967135971105,-1.51670083418482,-1.24807639479276
"190","23","novice","0",2,"224",0.785686351,767.1,164.4,32,0.194647202,15,18.20625,70.7,0.257514144,50,9585.366211,65153.38542,70.07116699,53.21239471,51.50639343,207.4684946,0.14712000227171,-0.587302866749642,-0.929836672728067
"191","23","novice","0",3,"172",0.851351351,925,137.5,41,0.298181818,10,17.66341463,63.1,0.279927332,90,8305.606445,54556.23958,60.99362564,55.68641663,50.35782242,192.4975426,0.152239349869795,-0.349995542158263,-2.26632153446591
"192","23","novice","0",4,"227",0.798802745,684.9,137.8,25,0.181422351,20,20.012,63.7,0.145224964,80,8423.217773,54591.07292,63.07259369,57.03173828,42.89880371,200.5352979,0.154296615223953,-1.65109428600745,-1.83024690858677
"193","23","novice","0",5,"176",0.879987908,1323.2,158.8,30,0.188916877,10,21.34,64.7,0.329829985,85,9232.826172,62973.49479,64.16383362,58.97200775,43.31848145,198.467037,0.146614479675759,-0.449286594543068,-1.66936140424342
"194","23","novice","0",6,"16",0.874238338,1001.1,125.9,31,0.246227164,10,22.14516129,59.4,0.372814163,35,7913.482422,49778.875,56.4372406,54.06619263,44.64058685,199.992068,0.158972705228875,0.677105759633305,-0.463565002940511
"195","23","novice","0",NA,"211",NA,NA,NA,NA,NA,NA,NA,NA,NA,NA,NA,NA,NA,NA,NA,NA,NA,NA,NA
"196","23","novice","0",NA,"213",NA,NA,NA,NA,NA,NA,NA,NA,NA,NA,NA,NA,NA,NA,NA,NA,NA,NA,NA
"197","23","novice","0",NA,"215",NA,NA,NA,NA,NA,NA,NA,NA,NA,NA,NA,NA,NA,NA,NA,NA,NA,NA,NA
"198","24","novice","0",1,"17",0.83677661,827.7,135.1,22,0.162842339,15,28.22272727,69.3,0.407254362,5,8651.103,53671.7188,66.115425,55.251972,47.765312,224.762246,0.161185503155528,0.827609845338879,0.763540370272661
"199","24","novice","0",2,"220",0.893243083,842.1,89.9,25,0.278086763,40,24.452,76.5,0.319633987,0,8237.413086,35781.91146,73.5274353,59.39641571,23.88094521,436.5615297,0.230211655830865,1.01238532198622,1.05938020733208
"200","24","novice","0",3,"7",0.918934861,1186.7,96.2,15,0.155925156,50,22.02,73,0.301643836,0,7618.658691,38182.86719,65.76981354,58.88719559,38.57956314,303.3182072,0.199530817135579,-0.0597412048861354,1.57570810099897
"201","24","novice","0",4,"216",0.969632888,1182.2,35.9,9,0.250696379,65,19.72222222,47.5,0.415204678,30,3567.408691,14403.93099,47.22923279,32.07629013,25.04903793,218.824797,0.247669104599063,0.867742397061371,1.413055515273
"202","24","novice","0",5,"225",0.941133109,949.6,55.9,18,0.322003578,0,19.68333333,50.4,0.390542328,70,4627.96875,21977.70833,47.05826187,37.98847198,26.89010811,205.2137432,0.21057558324599,1.43386541372067,-1.65367917052981
"203","24","novice","0",6,"229",0.976598021,747.8,17.5,16,0.914285714,0,16.4125,36.6,0.448428962,30,2198.832031,6957.548828,35.34101868,28.3289032,20.36347198,219.6158289,0.316035443711298,5.46294708162943,-2.06934279861316
"204","24","novice","0",7,"185",0.967753493,837.3,27,11,0.407407407,20,21.80909091,40.5,0.538496072,5,3052.73584,10796.39974,37.15270996,34.94969559,24.37380028,244.0673941,0.282754984394455,3.69869668820249,0.81332764180936
"205","24","novice","0",8,"217",0.808810012,1414.3,270.4,23,0.085059172,30,33.45652174,105.1,0.318330369,10,2030.035522,5875.065104,35.00099182,26.18122482,17.81025124,242.3737293,0.345534132143976,1.63236111808902,1.34600477266741
"206","24","novice","0",9,"222",0.843736054,1568.5,245.1,27,0.110159119,20,26.19259259,82.9,0.315954072,15,13333.01074,97276.03125,78.55410004,69.16748047,50.89820862,250.4799684,0.1370636791887,-0.374151483736181,0.47492939020406
"207","1","expert",NA,NA,"34",NA,NA,55,20,0.363636364,40,20.57,56,0.367321429,5,5057.80127,21932.92969,106.4306259,48.63409424,31.86809158,268.9626596,0.230603085930013,1.55897627125816,0.833222264911273
"208","1","expert",NA,NA,"86",NA,NA,24.3,14,0.576131687,0,21.63571429,41.4,0.522601794,6,2899.104736,9687.515625,85.38191986,44.85259247,40.46242905,259.6371805,0.299261941680739,4.76862028937958,-0.267805186810874
"209","1","expert",NA,NA,"95",NA,NA,27.8,17,0.611510791,0,20.97058824,44.3,0.47337671,0,NA,NA,NA,NA,NA,NA,NA,NA,NA
"210","1","expert",NA,NA,"199",NA,NA,56.1,14,0.249554367,0,36,67.3,0.534918276,0,5524.759766,22387.1224,66.52268982,47.73358917,29.51634407,336.4679076,0.246782934728583,3.17118828327602,0.795813091018082
"211","1","expert",NA,NA,"231",NA,NA,59.5,22,0.369747899,0,24.17272727,58.1,0.416053826,0,5443.773438,23654.9375,157.2532196,155.94133,92.27838135,288.3078827,0.230132649388738,2.70897576150807,0.0261608871166277
"212","2","expert",NA,NA,"5",NA,NA,64.5,18,0.279069767,20,24.26111111,61,0.397723133,0,5674.759277,25517.33073,82.29466248,67.13735962,46.74642563,280.6543937,0.222388436198319,1.79641267829545,0.757128342563637
"213","2","expert",NA,NA,"12",NA,NA,40.3,23,0.570719603,0,21.08695652,50.4,0.418391995,0,4160.122559,15958.98698,49.12050629,43.97624969,25.62611771,282.6882355,0.260675853938193,3.77218502246137,-0.51035792666872
"214","2","expert",NA,NA,"35",NA,NA,217.1,15,0.069092584,40,32.83333333,81.3,0.403854039,4,15103.00391,86376.79167,80.60713196,73.0839386,65.08128357,461.7382648,0.174850253384041,0.134943837927994,1.74961273643344
"215","2","expert",NA,NA,"41",NA,NA,17.7,18,1.016949153,0,18.98333333,43.1,0.440448569,0,2426.645752,7044.869141,48.1582756,102.6388855,18.68952179,287.9209613,0.344455759707063,6.40505269238936,-1.61743033470289
"216","2","expert",NA,NA,"195",NA,NA,24.5,18,0.734693878,0,18.09444444,39.4,0.459249859,4,2776.575195,9723.804688,38.89801788,31.96417618,24.97386551,226.3892833,0.285544114067463,4.83166404095814,-0.92198010615587
"217","3","expert",NA,NA,"22",NA,NA,126.3,16,0.126682502,30,27.1125,73.2,0.370389344,15,8511.352539,50005.03646,72.52598572,49.36707306,39.71841812,246.585901,0.17020990567237,0.17093210750115,0.92789390694182
"218","3","expert",NA,NA,"42",NA,NA,28,16,0.571428571,0,22.01875,49.2,0.447535569,4,3397.165039,11188.1263,48.84592056,33.07794952,28.63012314,313.2097098,0.30364021176629,4.36694631989156,-0.434849322647965
"219","3","expert",NA,NA,"136",NA,NA,54.4,10,0.183823529,0,32.12,56.7,0.5664903,6,5362.921387,21589.53255,51.89015961,47.39942551,29.61423492,330.9160365,0.248403775050702,3.07894398038227,0.950131040935003
"220","3","expert",NA,NA,"156",NA,NA,31.1,13,0.418006431,20,21.66153846,43.4,0.499113789,0,3384.053223,12621.51563,42.49924469,37.06025696,21.39043045,243.2699892,0.26811781740035,3.39594209139309,0.750179545808287
"221","3","expert",NA,NA,"189",NA,NA,38,16,0.421052632,0,23.5125,52.6,0.447005703,4,3777.040039,13372.9974,47.81420135,40.03907776,19.2453289,301.2986917,0.282437805528924,3.59639494310216,-0.0263588446935406
"222","4","expert",NA,NA,"3",NA,NA,58,18,0.310344828,15,24.26111111,50.9,0.476642654,10,4990.558105,23073.58854,42.43522644,39.60326767,30.45910263,233.4624624,0.216288770875343,2.31216238909052,0.525592966656751
"223","4","expert",NA,NA,"4",NA,NA,32.7,16,0.489296636,0,20.525,40,0.513125,15,3472.828369,12947.96224,41.74942017,74.88851929,40.96612549,249.8314527,0.268214279948348,3.97233030842432,-0.316295709055505
"224","4","expert",NA,NA,"188",NA,NA,27.5,20,0.727272727,0,17.015,45.9,0.370697168,5,3131.536377,11009.59635,45.6713562,35.8346405,21.92723083,253.3550642,0.284436983650177,4.2485664384662,-1.20726496103495
"225","4","expert",NA,NA,"194",NA,NA,35.9,22,0.612813371,0,20.75,48.4,0.428719008,20,3843.555908,14133.49349,45.29824066,43.39014816,21.20969009,284.2500578,0.271946628816114,3.89461530535712,-1.06913668062079
"226","4","expert",NA,NA,"236",NA,NA,22,16,0.727272727,5,17.63125,37,0.47652027,4,2706.859619,8777.024089,59.39076996,60.31997681,45.80308914,257.455764,0.308402892774606,5.05492625698525,-0.667970447750243
"227","5","expert",NA,NA,"237",NA,NA,54.4,23,0.422794118,0,19.70434783,51.3,0.384100348,0,4751.824219,21571.85156,48.30983734,39.77347946,31.45849991,230.5718338,0.220278922547898,2.60188834331346,-0.253244645351204
"228","5","expert",NA,NA,"238",NA,NA,51.6,23,0.445736434,5,22.66086957,56.7,0.399662603,15,4816.226074,20602.15234,56.54337311,39.42792511,32.63417435,263.2057697,0.233772957044351,2.66535884085837,-0.478931967351935
"229","5","expert",NA,NA,"239",NA,NA,29.8,20,0.67114094,3,17.27,42.1,0.410213777,10,3261.03833,11871.95573,41.44451141,37.92599106,23.78585625,246.0498891,0.274684172023947,4.06891980643944,-0.974193792867401
"230","5","expert",NA,NA,"240",NA,NA,13.6,10,0.735294118,0,19.46,38.5,0.505454546,0,2064.196289,5504.419922,37.17103577,28.03002357,18.51922607,290.2885211,0.375007052196335,6.11009797131893,-0.507877693363668
"231","5","expert",NA,NA,"241",NA,NA,40.6,22,0.541871921,20,19.40454545,46,0.421837945,5,3886.142822,16176.52995,45.61455536,37.18190002,32.74095917,224.2774144,0.240233401972591,3.02486143222397,-0.0418106278626492
"232","6","expert",NA,NA,"242",NA,NA,33.5,18,0.537313433,5,20.11666667,42.5,0.473333333,10,3351.996338,13272.93229,40.02391815,32.67549133,27.50761604,213.7848122,0.252543768382322,3.69239286704861,-0.361893377199427
"233","6","expert",NA,NA,"243",NA,NA,21.9,13,0.593607306,0,21.40769231,43,0.49785331,4,2635.95752,8663.505208,42.99102783,28.13685989,24.93175507,244.021414,0.304259933677413,4.75677792035515,-0.34045612034858
"234","6","expert",NA,NA,"244",NA,NA,27.1,15,0.553505535,5,21.48,43.3,0.496073903,15,3172.947998,10793.45182,43.16403961,29.15021896,25.51937103,274.2004408,0.293969718947613,4.27723087559009,-0.38043820631921
"235","6","expert",NA,NA,"245",NA,NA,15.4,16,1.038961039,0,17.15625,34.6,0.495845376,25,2134.907227,6144.220052,34.42788315,27.97693825,19.53036118,257.7528638,0.347465945055967,6.58591032215752,-2.11056028154583
"236","6","expert",NA,NA,"246",NA,NA,20.3,14,0.689655172,15,18.17142857,34.6,0.525185797,5,2478.221924,8146.442057,34.63277817,28.01996231,27.62152481,229.3425507,0.3042091144404,4.96114188468997,-0.167055235235709
