Participant,Group,Instructional Condition,Order,Core,Reduced Mass,Core Start Mass,Core End Mass,Flake Scars_10mm,Flake Scars_Core Mass, Cortex,Avg Flake Scar Max Dimension_mm,Max Core Dimension,Avg Scar Max_Max Core Dimension, Area of Battered Platform,surface_area,volume,bounding_box_dim1,bounding_box_dim2,bounding_box_dim3,isoper_ratio
1,novice,1,1,235,0.718786982,676,190.1,32,0.168332457,45,20.581875,77,0.267297078,65,10638.0918,75628.375,69.72905731,68.21511841,45.6409874,210.4852477
1,novice,1,2,20,0.833743974,933.5,155.2,33,0.212628866,35,22.80909091,80.7,0.282640532,10,10124.28125,61525.90104,82.15460205,64.33638763,44.67201233,274.1426701
1,novice,1,3,233,0.798216561,785,158.4,29,0.183080808,55,21.66206897,75.3,0.287676879,75,10579.61133,63181.63021,70.72799683,60.29289246,50.81192398,296.638478
1,novice,1,4,10,0.820072475,634.7,114.2,24,0.210157618,45,21.30833333,66.9,0.318510214,10,8132.550781,45779.51042,65.71439362,58.08353806,38.35025406,256.648106
1,novice,1,5,234,0.970536545,967.3,28.5,20,0.701754386,0,17.255,43,0.40127907,10,3202.921875,11295.3776,42.5931015,36.32611847,23.17108917,257.5357526
1,novice,1,6,11,0.910619174,600.8,53.7,25,0.465549348,0,19.988,53.3,0.375009381,10,4744.618164,21359.125,50.27050018,37.77443695,29.18070984,234.119122
1,novice,1,7,187,0.742076366,801.4,206.7,28,0.135462022,35,22.01785714,77.7,0.283370105,35,11507.42871,82149.52083,75.33148956,66.10231018,46.2036705,225.8004536
1,novice,1,8,21,0.886153846,877.5,99.9,37,0.37037037,5,18.81891892,59.9,0.314172269,60,6951.330078,39558.60938,58.51930618,47.07501602,38.98568344,214.645457
1,novice,1,,8,,,,,,,,,,,,,,,,
2,novice,1,1,31,0.800941592,679.7,135.3,10,0.07390983,40,30.54,63.9,0.477934272,20,8727.089844,53611.29167,61.70618057,54.32305908,44.43864441,231.2574855
2,novice,1,2,28,0.710453419,685.9,198.6,19,0.095669688,35,27.57368421,84.3,0.327089967,20,11371.0459,78525.86458,80.49716949,63.11235046,44.26246643,238.4381723
2,novice,1,3,27,0.871116526,1149.1,148.1,23,0.155300473,5,23.14782609,72.9,0.317528479,5,9274.530273,58674.5,72.09603882,59.31150055,46.19246674,231.727179
2,novice,1,4,214,0.918405834,795.4,64.9,15,0.231124807,15,25.31333333,55.7,0.454458408,5,5914.260254,25694.07552,49.08806992,50.8182373,26.24236679,313.3540426
2,novice,1,5,1,0.851620067,990.7,147,28,0.190476191,25,22.56071429,74.3,0.30364353,20,9202.140625,58308.84896,72.35784912,46.77942657,40.57273102,229.1910534
2,novice,1,6,9,0.864903805,1179.9,159.4,28,0.17565872,15,24.525,72.6,0.153858218,5,9691.183594,63159.88542,69.82431793,49.64147186,49.09316254,228.1643543
2,novice,1,7,26,0.807036578,645.2,124.5,19,0.152610442,30,29.18421053,87.8,0.332394197,25,9935.773438,49435.72917,81.0145874,62.98814011,31.06425667,401.3498925
2,novice,1,,18,,,,,,,,,,,,,,,,
2,novice,1,,23,,,,,,,,,,,,,,,,
3,novice,1,1,15,0.424331829,576.2,331.7,33,0.099487489,55,24.31176471,91.7,0.26518068,30,15443.79688,131576.6667,86.96828461,62.51477051,52.37337112,212.7671043
3,novice,1,2,32,0.810931234,673.3,127.3,13,0.102120974,50,28.61538462,65.9,0.434224349,20,8501.142578,50505.78125,65.75953674,53.89089966,49.02845764,240.8516986
3,novice,1,3,30,0.690835092,663.4,205.1,18,0.087762067,50,26.27222222,85.4,0.307637263,20,12031.59082,81531.76563,76.12970734,66.40293121,36.98959351,262.0085516
3,novice,1,4,38,0.785620915,459,98.4,25,0.254065041,15,22.14,70.1,0.315834522,5,7768.786621,39204.71094,70.65964508,50.25650787,36.13552475,305.0584557
3,novice,1,5,24,0.886827005,819.1,92.7,30,0.323624596,10,22.8,66.3,0.343891403,5,6958.047363,36841.85156,65.72370148,52.14141083,33.08958817,248.1871232
3,novice,1,6,37,0.187777644,832.9,676.5,17,0.025129342,85,21.44117647,132.8,0.161454642,50,25718.44141,268217.2917,129.2913361,95.54522705,73.15756226,236.4614736
3,novice,1,7,13,0.854760302,1337.1,194.2,32,0.164778579,5,25.79375,85.8,0.300626457,5,11292.36133,76934.15104,86.6787262,63.82447052,40.83120728,243.285355
3,novice,1,,19,,,,,,,,,,,,,,,,
3,novice,1,,51,,,,,,,,,,,,,,,,
4,novice,1,1,52,0.731613728,469.1,125.9,23,0.18268467,45,22.13913043,65.1,0.340078809,60,8385.9375,49897.43229,60.6572113,59.22818756,39.08322525,236.8636781
4,novice,1,2,39,0.842092546,827.7,130.7,21,0.160673298,20,23.85238095,66.1,0.360852965,50,8347.561523,51849.6875,65.46279907,53.42047882,43.71788788,216.3647959
4,novice,1,3,80,0.860337357,1292.4,180.5,40,0.221606648,15,21.1725,76.3,0.27749017,70,10843.41992,71853.39063,73.14321899,63.28562927,44.23999786,246.9473083
4,novice,1,4,29,0.908084164,1535.1,141.1,13,0.092133239,30,29.91538462,68.7,0.435449558,30,8615.658203,56292.48958,68.44441223,57.56035614,44.85604477,201.8201256
4,novice,1,5,45,0.852808722,843.8,124.2,21,0.169082126,25,26.08095238,77,0.338713667,0,9214.057617,49585.32292,75.17558289,66.71031189,34.85608673,318.1606603
4,novice,1,6,14,0.858983761,954.5,134.6,29,0.215453195,25,18.95357143,60.4,0.313282172,70,8293.391602,53456.38542,59.40526581,54.26066589,47.43000793,199.6169147
4,novice,1,7,25,0.877061469,800.4,98.4,32,0.325203252,10,19.603125,66.9,0.2930213,40,7314.305664,39032.32031,66.30314636,51.76472473,26.98718834,256.8446822
4,novice,1,8,66,0.854225352,852,124.2,29,0.233494364,15,20.77586207,65.1,0.319137666,60,8310.359375,48913.05208,63.66057587,47.50427246,42.8389473,239.8887542
4,novice,1,,33,,,,,,,,,,,,,,,,
5,novice,0,1,36,0.267319162,653.9,479.1,42,0.087664371,70,19.87380952,105.5,0.188377342,95,19025.58594,189794.3542,105.495163,69.2487793,69.4249115,191.1822391
5,novice,0,2,53,0.664644379,774.7,259.8,35,0.134719015,20,23.63142857,82.6,0.286094777,40,13280.38965,103134.2188,82.04989624,66.54321289,53.23448181,220.2048531
5,novice,0,3,48,0.486717649,993.8,510.1,7,0.013722799,65,53.8,114.4,0.47027972,0,22519.63086,202498.2917,98.81503296,78.71923828,74.09121704,278.5101803
5,novice,0,4,68,0.206009655,1201.4,953.9,11,0.011531607,75,33.01818182,140.1,0.235675816,0,32704.79297,377917.125,132.5419464,98.01068115,73.70487213,244.9294846
5,novice,0,5,40,0.639255058,1304.8,470.7,49,0.104100276,35,22.73061224,88.7,0.256263949,60,18238.38477,186266.8958,88.06967163,82.65966797,61.36591339,174.8589099
5,novice,0,6,93,0.746843055,1164.1,294.7,42,0.142517815,20,21.15952381,76.1,0.278048933,85,13508.98926,116968.5313,74.25457764,64.26092529,61.77102661,180.1899214
5,novice,0,,43,,,,,,,,,,,,,,,,
5,novice,0,,47,,,,,,,,,,,,,,,,
5,novice,0,,91,,,,,,,,,,,,,,,,
6,novice,0,1,46,0.647795319,551.1,194.1,10,0.051519835,40,24.31,75.1,0.323701731,50,11054.68066,77007.375,73.31820679,58.55013657,46.70542526,227.8106199
6,novice,0,2,44,0.821776277,503.3,89.7,42,0.468227425,20,16.03809524,56.1,0.285884051,90,6316.28418,35664.92448,51.47609711,50.61096954,34.39424133,198.1081611
6,novice,0,3,60,0.413391558,1305.3,765.7,58,0.075747682,35,19.50862069,105.6,0.184740726,95,25254.04297,303091.5833,104.9055481,97.00228882,77.62765503,175.3254621
6,novice,0,4,71,0.828966174,839.6,143.6,30,0.208913649,20,22.25666667,71.2,0.313033287,70,9264.569336,56921.6875,70.53520966,64.06079102,51.3895874,245.4257769
6,novice,0,5,112,0.765486172,799.1,187.4,17,0.090715048,40,21.72352941,73.9,0.293958449,65,10542.31445,74520.21875,73.40455627,47.22856522,45.98400116,210.9889234
6,novice,0,6,87,0.237619158,860.2,655.8,24,0.036596523,70,21.225,128.9,0.164662529,75,24735.05273,259507.5208,128.6638184,92.62944031,68.02500153,224.718395
6,novice,0,,54,,,,,,,,,,,,,,,,
6,novice,0,,65,,,,,,,,,,,,,,,,
6,novice,0,,110,,,,,,,,,,,,,,,,
7,novice,0,1,55,0.182904257,594.3,485.6,15,0.030889621,75,21.30666667,102.1,0.265122843,90,19389.13672,193087.6875,98.41703796,82.94911194,75.64645386,195.5087758
7,novice,0,2,49,0.455070682,813.5,443.3,46,0.103767201,40,21.14565217,92.9,0.227617354,90,18156.17773,175651.9167,90.22125244,78.14685059,65.65135193,193.9847057
7,novice,0,3,74,0.783834236,1607.1,347.4,42,0.1208981,25,24.05,86.5,0.278034682,90,15185.85254,137451.3646,86.3784256,68.51987457,59.99493027,185.3614524
7,novice,0,4,81,0.669917919,1876.2,619.3,61,0.098498305,30,23.18196721,99.6,0.232750675,90,22920.875,245339.625,91.69298553,90.4497757,77.03736877,200.0590416
7,novice,0,,58,,,,,,,,,,,,,,,,
7,novice,0,,77,,,,,,,,,,,,,,,,
7,novice,0,,88,,,,,,,,,,,,,,,,
7,novice,0,,114,,,,,,,,,,,,,,,,
7,novice,0,,118,,,,,,,,,,,,,,,,
8,novice,0,1,56,0.707755923,894.8,261.5,20,0.076481836,30,28.285,98.9,0.285995956,5,15777.00098,102433.3542,97.91156006,79.5266571,67.15125275,374.274785
8,novice,0,2,50,0.546327898,791.1,358.9,47,0.130955698,50,18.70638298,121.5,0.149054845,30,17393.50391,142842.9167,118.4141846,59.49525452,57.42802429,257.8955322
8,novice,0,3,146,0.397586167,861.7,519.1,31,0.059718744,65,28.23870968,169.2,0.166895447,15,25468.61914,204796.9583,163.9703827,73.548172,64.24518585,393.8847736
8,novice,0,4,75,0.826293308,1264.2,219.6,39,0.177595628,30,21.55128205,81.6,0.264108849,70,11721.49121,87082.83854,76.56354523,64.22863007,39.43454742,212.365246
8,novice,0,5,69,0.768175698,1188.4,275.5,14,0.050816697,30,33.81428571,120.3,0.281083007,5,16008.76074,109299.3646,119.6122055,73.01809692,92.18508148,343.4297135
8,novice,0,6,108,0.956025918,1157.5,50.9,17,0.333988212,0,28.95882353,68.4,0.423374613,0,5383.651855,20144.79688,67.60176849,44.82656097,21.6975975,384.5077676
8,novice,0,7,89,0.854424735,1009.1,146.9,17,0.115724983,55,26.6,110.4,0.240942029,15,10809.02344,58164.43229,110.1343231,60.64360428,33.21650696,373.288309
8,novice,0,8,125,0.949414758,982.5,49.7,14,0.281690141,20,24.41428571,53.8,0.453797132,60,4856.112305,19758.67188,50.30225754,48.87916565,30.14920044,293.3260726
8,novice,0,9,90,0.814060921,692.7,128.8,21,0.163043478,60,22.4,71,0.315492958,15,8763.606445,51043.01042,70.67256165,65.323349,32.335495,258.3307101
9,novice,1,1,154,0.821763602,746.2,133,23,0.172932331,35,28.82173913,75.7,0.380736316,5,9194.023438,52846.82813,74.37034607,56.42432404,45.03598785,278.2780603
9,novice,1,2,72,0.759299781,776.9,187,44,0.235294118,40,19.92045455,75.7,0.263149994,35,10527.58887,73980.3125,73.27539063,63.94096375,49.68872452,213.183911
9,novice,1,3,129,0.840765628,1473.3,234.6,47,0.200341006,25,20.14042553,84,0.239766971,70,12378.31934,92968.83333,80.8737793,64.61659241,44.42817688,219.4372163
9,novice,1,4,92,0.789499271,822.8,173.2,29,0.16743649,45,22.3,68,0.327941177,65,10098.9375,68753.29167,65.64338684,66.09880829,50.33390808,217.8913865
9,novice,1,5,57,0.847139304,804,122.9,22,0.179007323,25,22.61363636,70.8,0.319401644,50,8336.164063,48672.36458,68.66619873,47.05158234,40.56742096,244.5309691
9,novice,1,6,61,0.919424661,716.1,57.7,21,0.363951473,15,22.07619048,61.1,0.361312446,55,5352.842285,22979.57813,59.19953156,36.58227539,30.26116943,290.4485684
9,novice,1,,83,,,,,,,,,,,,,,,,
9,novice,1,,99,,,,,,,,,,,,,,,,
9,novice,1,,117,,,,,,,,,,,,,,,,
10,novice,1,1,96,0.712570986,774.8,222.7,18,0.080826224,50,24.63888889,81.1,0.303808741,25,12261.72949,88322.90625,78.83268738,65.51120758,41.23911285,236.3243601
10,novice,1,2,62,0.589258312,586.5,240.9,46,0.190950602,20,20.34565217,75.8,0.268412298,30,12192.42676,95759.92708,76.27876282,65.16013336,56.42721176,197.6527462
10,novice,1,3,59,0.727171801,720.6,196.6,28,0.14242116,25,21.83571429,71.6,0.304968077,30,10989.76074,77854.86979,65.01708984,63.847435,49.71537781,218.9743002
10,novice,1,4,157,0.858700751,852.8,120.5,23,0.190871369,25,25.08695652,67.3,0.372763098,5,8641.612305,47964.16667,63.5204277,57.81809235,41.3841629,280.511408
10,novice,1,5,94,0.650539784,750.3,262.2,23,0.087719298,35,26.99130435,87.1,0.309888684,40,13313.91016,103940.8958,86.47447205,70.230896,48.62221146,218.4459286
10,novice,1,6,100,0.673014664,1050.2,343.4,37,0.107746069,30,24.81891892,92.4,0.268603019,80,15728.89941,135664.1563,88.87663269,59.7920723,60.74397278,211.4291039
10,novice,1,,85,,,,,,,,,,,,,,,,
10,novice,1,,119,,,,,,,,,,,,,,,,
10,novice,1,,132,,,,,,,,,,,,,,,,
11,novice,1,1,63,0.498988196,593,297.1,10,0.033658701,60,40.08,104.1,0.385014409,4,15684.56934,117782.8438,103.2451782,76.5608139,50.88710022,278.1337708
11,novice,1,2,64,0.736681423,655.1,172.5,35,0.202898551,30,20.26571429,79.6,0.254594401,40,10488.96387,68421.79688,79.5098114,63.2802124,39.0290451,246.495399
11,novice,1,3,97,0.733694856,682.3,181.7,36,0.198128784,40,20.23611111,74.9,0.270175048,40,10692.66699,71989.82292,71.01593018,55.6725502,42.62832642,235.8934674
11,novice,1,4,133,0.878748791,1240.4,150.4,32,0.212765957,20,22.36875,71.3,0.313727209,40,9610.621094,59604,70.65007019,61.29560471,38.61382294,249.8639225
11,novice,1,5,158,0.819830963,970.2,174.8,30,0.171624714,25,24.97,86.1,0.290011614,20,10964.97363,69534.01042,85.24891663,64.0714035,42.22858047,272.6642617
11,novice,1,6,103,0.682586969,1040.6,330.3,24,0.072661217,40,26.49583333,82.1,0.32272635,5,15439.31836,130873.9688,80.90657806,77.10861206,66.66087341,214.8710085
11,novice,1,,98,,,,,,,,,,,,,,,,
11,novice,1,,101,,,,,,,,,,,,,,,,
11,novice,1,,120,,,,,,,,,,,,,,,,
12,novice,1,1,70,0.905192178,741.5,70.3,17,0.241820768,30,23.81176471,59.4,0.40087146,5,10143.45801,52971.18229,87.97134399,72.43383026,35.32936859,371.9450423
12,novice,1,2,137,0.915799117,1200.7,101.1,30,0.296735905,15,22.01333333,64.1,0.343421737,20,6965.814941,40010.34375,73.07637024,82.45613098,35.47306824,211.1403476
12,novice,1,3,127,0.904707068,694.7,66.2,13,0.196374622,20,26.03076923,59.2,0.43970894,20,5716.01709,26422.2474,58.15933228,39.23823929,32.36949921,267.5106315
12,novice,1,4,175,0.927821036,809.1,58.4,32,0.547945206,10,17.88125,55.5,0.322184685,55,5036.203613,23265.76302,55.10102081,41.71325684,33.6513443,235.9800238
12,novice,1,5,105,0.967757887,1011.1,32.6,15,0.460122699,0,23.26,51.5,0.451650485,30,3737.338867,12950.72526,48.56012726,37.26129532,19.33610725,311.2427556
12,novice,1,6,145,0.890598151,1222.1,133.7,12,0.089753179,40,30.875,89.6,0.344587054,0,4531.648926,13501.69922,51.07676697,46.7576828,18.60676193,510.4954943
12,novice,1,7,115,0.958143959,946.1,39.6,19,0.47979798,5,18.26842105,43.8,0.417087239,60,3837.490723,15769.34375,43.1183815,38.35900116,23.04764366,227.2556948
12,novice,1,8,67,0.940706806,764,45.3,14,0.309050773,10,23.72857143,44.7,0.530840524,10,4100.421387,17985.24479,42.26963043,35.44076157,36.60458374,213.1340137
12,novice,1,9,102,0.971410978,1136.8,32.5,14,0.430769231,5,24.22857143,51.4,0.471372985,25,3873.723389,15705.50651,43.20232773,38.64011383,23.59973717,235.6578564
13,novice,0,1,104,0.76036941,617.2,147.9,21,0.14198783,35,23.05238095,67.5,0.341516755,10,9491.969727,58544.89063,65.33068848,60.49932861,37.49679184,249.511769
13,novice,0,2,121,0.809671695,901.6,171.6,15,0.087412587,75,20.08,83.9,0.239332539,60,10333.94629,68106.88021,82.99924469,58.70735931,48.56978989,237.9121524
13,novice,0,3,186,0.837165032,682.9,111.2,23,0.206834532,60,17.71304348,63.1,0.280713843,55,7563.015137,44241.99479,53.69504547,61.16679382,36.20890045,221.0118237
13,novice,0,4,76,0.910020715,772.4,69.5,19,0.273381295,50,18.93684211,57.7,0.328194837,20,5895.630859,27626.6276,57.10738373,46.01975632,30.85520363,268.4943202
13,novice,0,5,151,0.913553796,1073.5,92.8,24,0.25862069,40,17.93333333,55.4,0.323706378,40,6597.808105,36885.15625,52.12400818,50.69968414,36.59070969,211.1036709
13,novice,0,6,111,0.779392496,839.5,185.2,43,0.232181426,15,19.35116279,65.1,0.297252885,80,10045.76367,73318.01042,63.327034,57.1453476,46.58457565,188.593851
13,novice,0,7,130,0.86554848,1114.9,149.9,28,0.186791194,5,23.38928571,71.9,0.325303,50,9498.708008,59638.23958,66.96313477,59.86227417,38.94929504,240.9594604
13,novice,0,8,152,0.74485811,1152.3,294,34,0.115646259,20,24.29411765,85.7,0.283478619,30,14387.94043,116743.6354,84.86721802,68.12962341,60.41530991,218.5392593
13,novice,0,9,181,0.91969334,1043.5,83.8,20,0.238663485,0,25.225,65.4,0.385703364,15,6405.025391,33183.57552,64.063591,43.30102539,29.20188141,238.6251467
15,novice,0,1,131,0.795954065,1314.9,268.3,30,0.111815132,10,24.76333333,101.4,0.244214333,95,13918.57129,106415.4271,100.1316681,71.85964203,49.69663239,238.1084401
15,novice,0,2,113,0.716640773,1158.6,328.3,47,0.143161742,45,16.48085106,82.2,0.200496972,95,14457.26465,130263.9688,78.96353149,72.41937256,64.90419006,178.0778001
15,novice,0,4,78,,,,,,,,,,,,,,,,
15,novice,0,,106,,,,,,,,,,,,,,,,
15,novice,0,,128,,,,,,,,,,,,,,,,
15,novice,0,,160,,,,,,,,,,,,,,,,
15,novice,0,,163,,,,,,,,,,,,,,,,
15,novice,0,,184,,,,,,,,,,,,,,,,
15,novice,0,,205,,,,,,,,,,,,,,,,
16,novice,0,1,147,0.659725159,946,321.9,20,0.062131097,25,24.695,96.5,0.255906736,85,15383.25195,127448.9167,94.04170227,62.77584839,51.25868988,224.1156389
16,novice,0,2,123,0.632634784,558.3,205.1,30,0.146270112,45,22.56,96.8,0.233057851,30,12648.76465,81659.95313,90.53057861,61.36423111,46.21291351,303.4772102
16,novice,0,3,208,0.801423948,772.5,153.4,32,0.208604954,10,24.221875,75.4,0.321245027,50,10175.24414,61173.38542,88.03387451,79.24334717,67.4855957,281.520149
16,novice,0,4,171,0.841981132,1229.6,194.3,23,0.118373649,40,23.7826087,86.6,0.274625967,25,12262.44434,77113.73958,81.60020447,68.22945404,41.2804184,310.075618
16,novice,0,5,139,0.783352716,1203.8,260.8,25,0.095858896,30,28.44,110.9,0.25644725,20,14893.55957,103316.5,110.5704498,72.63599396,50.09746933,309.4967905
16,novice,0,6,79,0.96610414,693.3,23.5,12,0.510638298,5,23.975,46.5,0.515591398,5,3003.991211,9365.606771,44.64238739,29.43088531,24.88751221,309.046717
16,novice,0,7,196,0.837610783,1083.2,175.9,23,0.130756111,15,26.40434783,90.4,0.292083494,10,11555.23047,69604.63021,89.30395508,60.67273712,48.13882446,318.4634346
16,novice,0,8,135,0.930557578,1373.8,95.4,20,0.209643606,0,26.53,82.8,0.320410628,25,7707.161133,38065.97917,83.21122742,50.55511475,31.16990662,315.943413
16,novice,0,9,166,0.886870883,1563.7,176.9,18,0.101752403,15,32.97222222,84.2,0.391594088,10,11438.98047,70276.54688,81.93704224,62.19086075,51.05485535,303.0687292
17,novice,1,1,82,0.914897231,588.7,50.1,14,0.279441118,15,25.30714286,53.5,0.473030708,4,4780.871094,19868.29557,46.37468719,45.40587997,27.87409973,276.8215382
17,novice,1,2,126,0.872281776,653,83.4,24,0.287769784,25,19.7875,53.1,0.372645951,35,6169.816895,33072.89583,52.28113556,47.70218658,41.70118713,214.7199415
17,novice,1,3,170,0.920297283,780.4,62.2,35,0.562700965,5,18.88571429,51.8,0.364589079,10,5304.994141,24631.44792,50.34622574,41.73827362,38.18700409,246.0791636
17,novice,1,4,218,0.783703704,810,175.2,22,0.125570776,25,23.30454545,63.7,0.365848437,60,9359.683594,69553.60938,62.47114563,58.25165558,51.69681549,169.4900309
17,novice,1,5,155,0.95097493,897.5,44,25,0.568181818,0,19.876,49.1,0.404806517,5,4285.547363,17451.31901,47.60975647,44.68969727,28.97980499,258.4415772
17,novice,1,6,177,0.981872859,1197.1,21.7,7,0.322580645,5,32.3,48.6,0.664609054,0,2944.289795,8661.303385,46.29960632,34.62462616,28.52177048,340.2320004
17,novice,1,7,178,0.930188987,1227.6,85.7,17,0.198366394,10,27.6,57.9,0.476683938,15,6734.253418,33997.19271,54.83934021,49.72140503,42.96992493,264.2300775
17,novice,1,8,197,0.827345133,1130,195.1,40,0.205023065,5,22.0325,72.2,0.30515928,20,10846.09277,76231.19271,72.22625732,58.18564606,53.70417023,219.5606537
17,novice,1,9,138,0.932751748,1730.9,116.4,28,0.240549828,35,21.55,64.8,0.332561728,40,8013.358398,46115.30729,60.32113266,52.35234833,36.61747742,241.9655221
18,novice,1,1,161,0.664433557,1000.1,335.6,22,0.065554231,30,29.94272727,97.3,0.307736149,40,16375.25,133324.156,96.11766,70.23912,43.508575,247.027965
18,novice,1,2,134,0.778608293,561.9,124.4,23,0.18488746,50,19.7,66.8,0.29491018,25,8074.239258,49419.05729,63.94800186,47.33867645,38.5484848,215.53407
18,novice,1,3,219,0.832464631,805.8,135,38,0.281481482,30,20.56578947,70.1,0.293377881,75,8690.125977,53615.53125,67.92779541,51.45796204,44.06547165,228.29531
18,novice,1,4,144,0.864000721,1110.3,151,44,0.291390729,15,21.01363636,70.7,0.297222579,30,9378.916016,60108.57292,67.69169617,55.30921173,49.13497162,228.341635
18,novice,1,5,200,0.817144529,683.6,125,29,0.232,15,21.36551724,63.2,0.338061982,20,8187.4956,49960.5052,61.06637,48.145973,42.903454,219.887019
18,novice,1,6,183,0.892312948,1463.5,157.6,21,0.133248731,20,30.07142857,69.9,0.430206417,20,9591.742188,62447.8125,63.64299774,56.57682037,36.44525146,226.28618
18,novice,1,7,109,0.577524478,684.3,289.1,20,0.069180214,60,23.15,97.2,0.238168724,40,14112.17188,114536.2708,96.53511047,65.00842285,56.30242157,214.237501
18,novice,1,,180,,,,,,,,,,,,,,,,
19,novice,1,1,122,0.848239852,593.7,90.1,22,0.244173141,10,21.21045455,63.1,0.336140326,20,6792.665527,35844.95052,54.53303528,46.92642975,38.39199829,243.9297218
19,novice,1,2,162,0.911201139,913.3,81.1,18,0.221948212,25,24.52777778,64.6,0.379686963,5,6610.496094,32094.22396,57.68645477,50.21646118,21.61109352,280.4454518
19,novice,1,3,209,0.875908928,838.9,104.1,27,0.259365994,10,22.5962963,58.6,0.385602326,5,7164.413574,41186.07813,58.86997223,49.22036743,48.20389938,216.7909089
19,novice,1,4,190,0.907976666,1525.7,140.4,18,0.128205128,20,28.29444444,71.1,0.397952805,10,9490.108398,55700.71354,65.42866516,55.37069702,45.75157166,275.4812227
19,novice,1,5,203,0.740821519,1100.4,285.2,30,0.105189341,5,27.37666667,88.2,0.310393046,40,13760.7373,113378.0208,85.78760529,69.90251923,53.14669037,202.7063574
19,novice,1,6,141,0.88030888,725.2,86.8,23,0.264976959,10,26.65652174,69,0.386326402,5,7330.850586,34423.61458,63.78753662,54.22133636,38.39598083,332.4682388
19,novice,1,7,226,0.817902813,782,142.4,20,0.140449438,60,20.88,80.5,0.259378882,10,9403.216797,56418.51042,80.63986206,49.47019958,37.03696442,261.2077849
19,novice,1,8,150,0.906300734,1293.5,121.2,22,0.181518152,10,27.84545455,68.7,0.405319571,40,8206.100586,48117.04688,68.26607513,60.35906982,34.50811005,238.6781031
19,novice,1,9,191,0.891029085,1303.1,142,10,0.070422535,65,30.78,77.8,0.39562982,5,9372.575195,56421.94271,76.81611633,53.76050568,43.80427551,258.6310893
20,novice,1,1,140,0.573401416,861.7,367.6,6,0.016322089,75,40.78333333,96.5,0.422625216,0,18303.91602,146645.9688,87.4342804,83.78101349,56.70697403,285.1620877
20,novice,1,2,153,0.810464259,678.5,128.6,34,0.264385692,10,19.67058824,68.6,0.286743269,80,8500.988281,50994.30208,67.39360046,54.37692261,39.45494461,236.2462632
20,novice,1,3,212,0.870476396,925.7,119.9,24,0.200166806,20,20.63333333,73.3,0.281491587,15,7961.792969,47496.52604,71.50088501,46.80976105,37.13228607,223.722132
20,novice,1,4,165,0.699980499,1025.6,307.7,39,0.126746831,20,23.07435897,85.1,0.271144054,35,14686.86816,122290.8229,84.85673523,73.82771301,56.19760895,211.8360426
20,novice,1,5,206,0.906887347,936.5,87.2,14,0.160550459,40,22.71428571,74.4,0.305299539,0,8200.354492,34683.3151,74.11206055,62.16316605,60.78035736,458.4127385
20,novice,1,6,201,0.79415529,937.6,193,22,0.113989637,35,26.56363636,95.4,0.278444826,25,12105.82715,76717.91146,95.47911072,63.19817734,34.1306572,301.4323527
20,novice,1,7,192,0.894368132,1456,153.8,31,0.201560468,0,25.72903226,69.6,0.369670004,20,9837.782227,60934.73438,67.40055847,60.40639496,50.9299469,256.4258296
20,novice,1,8,159,0.770690401,1617.9,371,37,0.099730458,10,27.33783784,90,0.303753754,35,17307.42383,147320.0729,87.80851746,79.46833801,65.52181244,238.8765051
20,novice,1,,230,,,,,,,,,,,,,,,,
21,novice,0,1,143,0.740293638,613,159.2,27,0.16959799,20,20.38518519,75.5,0.270002453,80,9910.015625,63012.51042,73.65454102,59.29357529,42.4380722,245.114754
21,novice,0,2,202,0.82495777,1420.8,248.7,44,0.176919984,10,21.61363636,94.2,0.229444123,80,13989.81152,98394.20833,94.35427856,68.39120483,41.55874634,282.8111443
21,novice,0,3,210,0.65248307,886,307.9,44,0.14290354,20,19.25,88.6,0.217268623,95,14292.345,122430.052,87.28526,62.140083,60.356613,194.775521
21,novice,0,,164,,,,,,,,,,,,,,,,
21,novice,0,,167,,,,,,,,,,,,,,,,
21,novice,0,,173,,,,,,,,,,,,,,,,
21,novice,0,,193,,,,,,,,,,,,,,,,
21,novice,0,,221,,,,,,,,,,,,,,,,
21,novice,0,,232,,,,,,,,,,,,,,,,
22,novice,0,1,142,0.896877064,1059.9,109.3,19,0.173833486,5,23.08947368,59.7,0.386758353,60,7371.178223,43401.91146,48.87409973,55.97306824,50.15689087,212.6145699
22,novice,0,2,182,0.902073558,660.7,64.7,14,0.216383308,50,19.60714286,55.1,0.355846513,30,5460.68457,25753.2474,54.29074478,46.69589996,33.51752853,245.5145713
22,novice,0,3,124,0.941430661,1504.2,88.1,17,0.192962543,20,25.51764706,65.2,0.391374955,10,7634.169434,35038.53646,61.97695923,61.30297089,27.10209084,362.4044053
22,novice,0,4,179,0.888183238,960.5,107.4,38,0.353817505,0,20.15263158,60.8,0.331457756,50,7206.144043,42693.34375,71.11950684,49.15099335,44.68226242,205.2997765
22,novice,0,5,148,0.955739532,1256.2,55.6,27,0.485611511,0,19.11851852,61,0.313418336,10,5136.216,22179.9896,60.08101,36.288845,25.697159,275.427377
22,novice,0,6,116,0.95801876,874.2,36.7,12,0.326975477,25,25.81666667,55.8,0.462664277,5,3943.244629,14662.26693,54.5189743,40.48449707,22.28413391,285.206171
22,novice,0,7,84,0.776483051,1038.4,232.1,20,0.086169754,30,27.30578947,84.1,0.324682396,10,13202.20898,92074.55208,77.18449402,67.98642731,50.95386505,271.4317082
22,novice,0,,73,,,,,,,,,,,,,,,,
22,novice,0,,107,,,,,,,,,,,,,,,,
23,novice,0,1,6,0.668353406,988.1,327.7,33,0.100701862,25,25.18484848,82.1,0.306758203,90,15879.33594,130193.5625,82.57910156,73.71148682,60.85577011,236.2207196
23,novice,0,2,224,0.785686351,767.1,164.4,32,0.194647202,15,18.20625,70.7,0.257514144,50,9585.366211,65153.38542,70.07116699,53.21239471,51.50639343,207.4684946
23,novice,0,3,172,0.851351351,925,137.5,41,0.298181818,10,17.66341463,63.1,0.279927332,90,8305.606445,54556.23958,60.99362564,55.68641663,50.35782242,192.4975426
23,novice,0,4,227,0.798802745,684.9,137.8,25,0.181422351,20,20.012,63.7,0.145224964,80,8423.217773,54591.07292,63.07259369,57.03173828,42.89880371,200.5352979
23,novice,0,5,176,0.879987908,1323.2,158.8,30,0.188916877,10,21.34,64.7,0.329829985,85,9232.826172,62973.49479,64.16383362,58.97200775,43.31848145,198.467037
23,novice,0,6,16,0.874238338,1001.1,125.9,31,0.246227164,10,22.14516129,59.4,0.372814163,35,7913.482422,49778.875,56.4372406,54.06619263,44.64058685,199.992068
23,novice,0,,211,,,,,,,,,,,,,,,,
23,novice,0,,213,,,,,,,,,,,,,,,,
23,novice,0,,215,,,,,,,,,,,,,,,,
24,novice,0,1,17,0.83677661,827.7,135.1,22,0.162842339,15,28.22272727,69.3,0.407254362,5,8651.103,53671.7188,66.115425,55.251972,47.765312,224.762246
24,novice,0,2,220,0.893243083,842.1,89.9,25,0.278086763,40,24.452,76.5,0.319633987,0,8237.413086,35781.91146,73.5274353,59.39641571,23.88094521,436.5615297
24,novice,0,3,7,0.918934861,1186.7,96.2,15,0.155925156,50,22.02,73,0.301643836,0,7618.658691,38182.86719,65.76981354,58.88719559,38.57956314,303.3182072
24,novice,0,4,216,0.969632888,1182.2,35.9,9,0.250696379,65,19.72222222,47.5,0.415204678,30,3567.408691,14403.93099,47.22923279,32.07629013,25.04903793,218.824797
24,novice,0,5,225,0.941133109,949.6,55.9,18,0.322003578,0,19.68333333,50.4,0.390542328,70,4627.96875,21977.70833,47.05826187,37.98847198,26.89010811,205.2137432
24,novice,0,6,229,0.976598021,747.8,17.5,16,0.914285714,0,16.4125,36.6,0.448428962,30,2198.832031,6957.548828,35.34101868,28.3289032,20.36347198,219.6158289
24,novice,0,7,185,0.967753493,837.3,27,11,0.407407407,20,21.80909091,40.5,0.538496072,5,3052.73584,10796.39974,37.15270996,34.94969559,24.37380028,244.0673941
24,novice,0,8,217,0.808810012,1414.3,270.4,23,0.085059172,30,33.45652174,105.1,0.318330369,10,2030.035522,5875.065104,35.00099182,26.18122482,17.81025124,242.3737293
24,novice,0,9,222,0.843736054,1568.5,245.1,27,0.110159119,20,26.19259259,82.9,0.315954072,15,13333.01074,97276.03125,78.55410004,69.16748047,50.89820862,250.4799684
1,expert,,,34,,,55,20,0.363636364,40,20.57,56,0.367321429,5,5057.80127,21932.92969,106.4306259,48.63409424,31.86809158,268.9626596
1,expert,,,86,,,24.3,14,0.576131687,0,21.63571429,41.4,0.522601794,6,2899.104736,9687.515625,85.38191986,44.85259247,40.46242905,259.6371805
1,expert,,,95,,,27.8,17,0.611510791,0,20.97058824,44.3,0.47337671,0,,,,,,
1,expert,,,199,,,56.1,14,0.249554367,0,36,67.3,0.534918276,0,5524.759766,22387.1224,66.52268982,47.73358917,29.51634407,336.4679076
1,expert,,,231,,,59.5,22,0.369747899,0,24.17272727,58.1,0.416053826,0,5443.773438,23654.9375,157.2532196,155.94133,92.27838135,288.3078827
2,expert,,,5,,,64.5,18,0.279069767,20,24.26111111,61,0.397723133,0,5674.759277,25517.33073,82.29466248,67.13735962,46.74642563,280.6543937
2,expert,,,12,,,40.3,23,0.570719603,0,21.08695652,50.4,0.418391995,0,4160.122559,15958.98698,49.12050629,43.97624969,25.62611771,282.6882355
2,expert,,,35,,,217.1,15,0.069092584,40,32.83333333,81.3,0.403854039,4,15103.00391,86376.79167,80.60713196,73.0839386,65.08128357,461.7382648
2,expert,,,41,,,17.7,18,1.016949153,0,18.98333333,43.1,0.440448569,0,2426.645752,7044.869141,48.1582756,102.6388855,18.68952179,287.9209613
2,expert,,,195,,,24.5,18,0.734693878,0,18.09444444,39.4,0.459249859,4,2776.575195,9723.804688,38.89801788,31.96417618,24.97386551,226.3892833
3,expert,,,22,,,126.3,16,0.126682502,30,27.1125,73.2,0.370389344,15,8511.352539,50005.03646,72.52598572,49.36707306,39.71841812,246.585901
3,expert,,,42,,,28,16,0.571428571,0,22.01875,49.2,0.447535569,4,3397.165039,11188.1263,48.84592056,33.07794952,28.63012314,313.2097098
3,expert,,,136,,,54.4,10,0.183823529,0,32.12,56.7,0.5664903,6,5362.921387,21589.53255,51.89015961,47.39942551,29.61423492,330.9160365
3,expert,,,156,,,31.1,13,0.418006431,20,21.66153846,43.4,0.499113789,0,3384.053223,12621.51563,42.49924469,37.06025696,21.39043045,243.2699892
3,expert,,,189,,,38,16,0.421052632,0,23.5125,52.6,0.447005703,4,3777.040039,13372.9974,47.81420135,40.03907776,19.2453289,301.2986917
4,expert,,,3,,,58,18,0.310344828,15,24.26111111,50.9,0.476642654,10,4990.558105,23073.58854,42.43522644,39.60326767,30.45910263,233.4624624
4,expert,,,4,,,32.7,16,0.489296636,0,20.525,40,0.513125,15,3472.828369,12947.96224,41.74942017,74.88851929,40.96612549,249.8314527
4,expert,,,188,,,27.5,20,0.727272727,0,17.015,45.9,0.370697168,5,3131.536377,11009.59635,45.6713562,35.8346405,21.92723083,253.3550642
4,expert,,,194,,,35.9,22,0.612813371,0,20.75,48.4,0.428719008,20,3843.555908,14133.49349,45.29824066,43.39014816,21.20969009,284.2500578
4,expert,,,236,,,22,16,0.727272727,5,17.63125,37,0.47652027,4,2706.859619,8777.024089,59.39076996,60.31997681,45.80308914,257.455764
5,expert,,,237,,,54.4,23,0.422794118,0,19.70434783,51.3,0.384100348,0,4751.824219,21571.85156,48.30983734,39.77347946,31.45849991,230.5718338
5,expert,,,238,,,51.6,23,0.445736434,5,22.66086957,56.7,0.399662603,15,4816.226074,20602.15234,56.54337311,39.42792511,32.63417435,263.2057697
5,expert,,,239,,,29.8,20,0.67114094,3,17.27,42.1,0.410213777,10,3261.03833,11871.95573,41.44451141,37.92599106,23.78585625,246.0498891
5,expert,,,240,,,13.6,10,0.735294118,0,19.46,38.5,0.505454546,0,2064.196289,5504.419922,37.17103577,28.03002357,18.51922607,290.2885211
5,expert,,,241,,,40.6,22,0.541871921,20,19.40454545,46,0.421837945,5,3886.142822,16176.52995,45.61455536,37.18190002,32.74095917,224.2774144
6,expert,,,242,,,33.5,18,0.537313433,5,20.11666667,42.5,0.473333333,10,3351.996338,13272.93229,40.02391815,32.67549133,27.50761604,213.7848122
6,expert,,,243,,,21.9,13,0.593607306,0,21.40769231,43,0.49785331,4,2635.95752,8663.505208,42.99102783,28.13685989,24.93175507,244.021414
6,expert,,,244,,,27.1,15,0.553505535,5,21.48,43.3,0.496073903,15,3172.947998,10793.45182,43.16403961,29.15021896,25.51937103,274.2004408
6,expert,,,245,,,15.4,16,1.038961039,0,17.15625,34.6,0.495845376,25,2134.907227,6144.220052,34.42788315,27.97693825,19.53036118,257.7528638
6,expert,,,246,,,20.3,14,0.689655172,15,18.17142857,34.6,0.525185797,5,2478.221924,8146.442057,34.63277817,28.01996231,27.62152481,229.3425507